Elapsed Time (s),Displacement (mm)
0,0
0.000588235,0
0.00117647,0.475971
0.001764706,0.673124643
0.002352941,0.673124643
0.002941177,1.064304406
0.003529412,1.064304406
0.004117647,1.064304406
0.004705882,1.064304406
0.005294117,1.716135905
0.005882353,1.716135905
0.006470588,1.716135905
0.007058823,2.128612836
0.007647058,2.128612836
0.008235294,2.128612836
0.008823529,2.379858
0.009411765,2.775366748
0.009999999,2.775366748
0.010588235,2.775366748
0.01117647,2.775366748
0.011764705,3.432282349
0.01235294,3.432282349
0.012941175,3.432282349
0.013529411,3.837406464
0.014117646,3.837406464
0.014705882,3.837406464
0.015294117,4.490305779
0.015882352,4.490305779
0.016470587,4.490305779
0.017058823,4.490305779
0.017647058,4.900424676
0.018235294,4.900424676
0.018823529,4.900424676
0.019411763,5.550730067
0.019999999,5.550730067
0.020588234,5.550730067
0.02117647,5.550730067
0.021764705,5.963900574
0.02235294,5.963900574
0.022941175,6.205903343
0.023529411,6.61240888
0.024117646,6.61240888
0.024705881,6.61240888
0.025294116,7.027635182
0.025882352,7.027635182
0.026470587,7.265389005
0.027058822,7.265389005
0.027647057,7.674807967
0.028235292,7.674807967
0.028823528,7.674807967
0.029411763,8.326096815
0.029999999,8.326096815
0.030588234,8.326096815
0.031176469,8.326096815
0.031764704,8.737670049
0.03235294,8.737670049
0.032941175,8.737670049
0.03352941,9.387618088
0.034117645,9.387618088
0.03470588,9.387618088
0.035294116,9.387618088
0.035882351,9.800844496
0.036470587,9.800844496
0.037058821,9.800844496
0.037647057,10.44970492
0.038235292,10.44970492
0.038823528,10.44970492
0.039411763,10.44970492
0.039999998,10.86424837
0.040588233,10.86424837
0.041176468,11.10146871
0.041764704,11.51221443
0.042352939,11.51221443
0.042941174,11.51221443
0.043529409,11.51221443
0.044117645,12.1629348
0.04470588,12.1629348
0.045294116,12.1629348
0.04588235,12.1629348
0.046470586,12.57498081
0.047058821,12.57498081
0.047647056,12.81588632
0.048235292,12.81588632
0.048823527,13.22480048
0.049411762,13.22480048
0.049999997,13.22480048
0.050588233,13.22480048
0.051176468,13.87684403
0.051764703,13.87684403
0.052352938,13.87684403
0.052941174,14.28710992
0.053529409,14.28710992
0.054117645,14.28710992
0.054705879,14.28710992
0.055294114,14.93819905
0.05588235,14.93819905
0.056470585,14.93819905
0.057058821,14.93819905
0.057647056,15.34961593
0.058235291,15.34961593
0.058823526,15.34961593
0.059411762,16.00002701
0.059999997,16.00002701
0.060588233,16.00002701
0.061176467,16.00002701
0.061764703,16.41234995
0.062352938,16.41234995
0.062941173,16.41234995
0.063529409,16.65215933
0.064117644,17.06208339
0.064705879,17.06208339
0.065294114,17.06208339
0.06588235,17.06208339
0.066470585,17.71356529
0.06705882,17.71356529
0.067647055,17.71356529
0.068235291,18.1244856
0.068823526,18.1244856
0.069411761,18.1244856
0.069999996,18.1244856
0.070588231,18.77522401
0.071176467,18.77522401
0.071764702,18.77522401
0.072352938,18.77522401
0.072941172,19.1870224
0.073529408,19.1870224
0.074117643,19.1870224
0.074705879,19.1870224
0.075294114,19.83724392
0.075882349,19.83724392
0.076470584,19.83724392
0.077058819,19.83724392
0.077647055,20.24973629
0.07823529,20.24973629
0.078823526,20.48887544
0.07941176,20.89942989
0.079999996,20.89942989
0.080588231,20.89942989
0.081176467,20.89942989
0.081764701,20.89942989
0.082352937,21.55051354
0.082941172,21.55051354
0.083529407,21.55051354
0.084117643,21.55051354
0.084705878,21.96185535
0.085294113,21.96185535
0.085882348,21.96185535
0.086470584,22.61236834
0.087058819,22.61236834
0.087647055,22.61236834
0.088235289,22.61236834
0.088823525,22.61236834
0.08941176,23.02441894
0.089999996,23.26425209
0.090588231,23.26425209
0.091176466,23.6745273
0.091764701,23.6745273
0.092352936,23.6745273
0.092941172,23.6745273
0.093529407,24.32580386
0.094117642,24.32580386
0.094705877,24.32580386
0.095294113,24.32580386
0.095882348,24.7367896
0.096470584,24.7367896
0.097058818,24.7367896
0.097647054,24.7367896
0.098235289,25.38761961
0.098823524,25.38761961
0.09941176,25.38761961
0.099999995,25.38761961
0.10058823,25.79925503
0.101176465,25.79925503
0.101764701,26.03963284
0.102352936,26.03963284
0.102941172,26.44960097
0.103529406,26.44960097
0.104117642,26.44960097
0.104705877,26.44960097
0.105294112,27.10114391
0.105882348,27.10114391
0.106470582,27.10114391
0.107058818,27.5118464
0.107647053,27.5118464
0.108235289,27.5118464
0.108823523,27.5118464
0.109411759,28.1628132
0.109999994,28.1628132
0.11058823,28.1628132
0.111176465,28.1628132
0.1117647,28.57411323
0.112352935,28.57411323
0.11294117,28.57411323
0.113529406,28.57411323
0.114117641,29.22480587
0.114705877,29.22480587
0.115294111,29.22480587
0.115882347,29.22480587
0.116470582,29.63657102
0.117058818,29.8764083
0.117647053,29.8764083
0.118235289,29.8764083
0.118823523,30.2868789
0.119411758,30.2868789
0.119999994,30.2868789
0.120588229,30.2868789
0.121176464,30.93816462
0.121764699,30.93816462
0.122352935,30.93816462
0.12294117,30.93816462
0.123529406,31.3491881
0.12411764,31.3491881
0.124705876,31.3491881
0.125294111,31.3491881
0.125882346,31.99995764
0.126470582,31.99995764
0.127058816,31.99995764
0.127647052,31.99995764
0.128235287,32.41149584
0.128823523,32.41149584
0.129411758,32.65176648
0.129999994,32.65176648
0.130588228,33.0620444
0.131176464,33.0620444
0.131764699,33.0620444
0.132352935,33.0620444
0.13294117,33.71339488
0.133529404,33.71339488
0.13411764,33.71339488
0.134705875,33.71339488
0.135294111,34.12418686
0.135882346,34.12418686
0.136470581,34.36561803
0.137058816,34.36561803
0.137647052,34.77522091
0.138235287,34.77522091
0.138823523,34.77522091
0.139411757,34.77522091
0.139999993,35.42713057
0.140588228,35.42713057
0.141176463,35.42713057
0.141764699,35.42713057
0.142352933,35.83715925
0.142941169,35.83715925
0.143529404,35.83715925
0.14411764,35.83715925
0.144705875,36.4887234
0.145294111,36.4887234
0.145882345,36.4887234
0.146470581,36.4887234
0.147058816,36.89931889
0.147647051,36.89931889
0.148235287,36.89931889
0.148823521,36.89931889
0.149411757,37.5504683
0.149999992,37.5504683
0.150588228,37.5504683
0.151176462,37.5504683
0.151764698,37.5504683
0.152352933,38.20241331
0.152941169,38.20241331
0.153529404,38.20241331
0.154117639,38.20241331
0.154705874,38.61238847
0.155294109,38.61238847
0.155882345,38.61238847
0.15647058,39.26406144
0.157058816,39.26406144
0.15764705,39.26406144
0.158235286,39.26406144
0.158823521,39.26406144
0.159411757,39.67440145
0.159999992,39.67440145
0.160588228,39.91636191
0.161176462,39.91636191
0.161764697,40.32576681
0.162352933,40.32576681
0.162941168,40.32576681
0.163529403,40.32576681
0.164117638,40.97778572
0.164705874,40.97778572
0.165294109,40.97778572
0.165882344,40.97778572
0.166470579,41.38755378
0.167058815,41.38755378
0.16764705,41.38755378
0.168235286,41.38755378
0.168823521,42.03932107
0.169411755,42.03932107
0.169999991,42.03932107
0.170588226,42.03932107
0.171176462,42.03932107
0.171764697,42.69175246
0.172352933,42.69175246
0.172941167,42.69175246
0.173529403,42.69175246
0.174117638,43.10107787
0.174705874,43.10107787
0.175294109,43.10107787
0.175882344,43.10107787
0.176470579,43.7531263
0.177058814,43.7531263
0.17764705,43.7531263
0.178235284,43.7531263
0.17882352,44.16287418
0.179411755,44.16287418
0.179999991,44.16287418
0.180588226,44.16287418
0.181176461,44.81467299
0.181764696,44.81467299
0.182352932,44.81467299
0.182941167,44.81467299
0.183529402,45.22473668
0.184117638,45.22473668
0.184705872,45.46705782
0.185294108,45.46705782
0.185882343,45.87631308
0.186470579,45.87631308
0.187058814,45.87631308
0.18764705,45.87631308
0.188235284,45.87631308
0.18882352,46.52850417
0.189411755,46.52850417
0.18999999,46.52850417
0.190588225,46.52850417
0.19117646,46.93815889
0.191764696,46.93815889
0.192352931,46.93815889
0.192941167,46.93815889
0.193529401,47.58994403
0.194117637,47.58994403
0.194705872,47.58994403
0.195294108,47.58994403
0.195882343,47.99997959
0.196470578,47.99997959
0.197058813,48.24244957
0.197647048,48.24244957
0.198235284,48.65164294
0.198823519,48.65164294
0.199411755,48.65164294
0.199999989,48.65164294
0.200588225,48.65164294
0.20117646,49.30379815
0.201764696,49.30379815
0.202352931,49.30379815
0.202941166,49.30379815
0.203529401,49.71336984
0.204117637,49.71336984
0.204705872,49.95654316
0.205294106,49.95654316
0.205882342,50.36530537
0.206470577,50.36530537
0.207058813,50.36530537
0.207647048,50.36530537
0.208235284,50.36530537
0.208823518,51.01784177
0.209411754,51.01784177
0.209999989,51.01784177
0.210588225,51.42689385
0.21117646,51.42689385
0.211764695,51.42689385
0.21235293,51.42689385
0.212941165,52.07917977
0.213529401,52.07917977
0.214117636,52.07917977
0.214705871,52.07917977
0.215294106,52.07917977
0.215882342,52.48867743
0.216470577,52.48867743
0.217058813,52.48867743
0.217647047,53.1406354
0.218235283,53.1406354
0.218823518,53.1406354
0.219411753,53.1406354
0.219999989,53.1406354
0.220588223,53.55047743
0.221176459,53.79314853
0.221764694,53.79314853
0.22235293,53.79314853
0.222941165,54.20223688
0.2235294,54.20223688
0.224117635,54.20223688
0.224705871,54.20223688
0.225294106,54.85456283
0.225882341,54.85456283
0.226470576,54.85456283
0.227058811,54.85456283
0.227647047,54.85456283
0.228235282,55.26390777
0.228823518,55.26390777
0.229411753,55.26390777
0.229999988,55.50730067
0.230588223,55.91600346
0.231176459,55.91600346
0.231764694,55.91600346
0.23235293,55.91600346
0.232941164,55.91600346
0.233529399,56.56854144
0.234117635,56.56854144
0.23470587,56.56854144
0.235294105,56.56854144
0.23588234,56.97749902
0.236470576,56.97749902
0.237058811,56.97749902
0.237647047,57.22152155
0.238235282,57.62986123
0.238823517,57.62986123
0.239411752,57.62986123
0.239999987,57.62986123
0.240588223,57.62986123
0.241176458,58.28269657
0.241764693,58.28269657
0.242352928,58.28269657
0.242941164,58.28269657
0.243529399,58.69137415
0.244117635,58.69137415
0.24470587,58.69137415
0.245294105,58.69137415
0.24588234,59.34390014
0.246470576,59.34390014
0.247058811,59.34390014
0.247647045,59.34390014
0.248235281,59.34390014
0.248823516,59.75290263
0.249411752,59.75290263
0.249999987,59.99691472
0.250588222,60.4052466
0.251176457,60.4052466
0.251764693,60.4052466
0.252352928,60.4052466
0.252941164,60.4052466
0.253529399,61.05800672
0.254117634,61.05800672
0.254705869,61.05800672
0.255294104,61.05800672
0.25588234,61.46666116
0.256470575,61.46666116
0.25705881,61.46666116
0.257647045,61.46666116
0.258235281,62.11929358
0.258823516,62.11929358
0.259411752,62.11929358
0.259999986,62.11929358
0.260588222,62.11929358
0.261176457,62.52825912
0.261764692,62.77230812
0.262352927,62.77230812
0.262941162,62.77230812
0.263529398,63.18054701
0.264117633,63.18054701
0.264705869,63.18054701
0.265294104,63.18054701
0.265882339,63.83340263
0.266470574,63.83340263
0.26705881,63.83340263
0.267647045,63.83340263
0.26823528,63.83340263
0.268823516,64.24203612
0.26941175,64.24203612
0.269999986,64.24203612
0.270588221,64.48667587
0.271176457,64.89460142
0.271764692,64.89460142
0.272352927,64.89460142
0.272941162,64.89460142
0.273529398,64.89460142
0.274117633,65.54766761
0.274705868,65.54766761
0.275294103,65.54766761
0.275882338,65.54766761
0.276470574,65.54766761
0.277058809,65.95598536
0.277647044,66.20108469
0.278235279,66.20108469
0.278823515,66.60879853
0.27941175,66.60879853
0.279999986,66.60879853
0.280588221,66.60879853
0.281176456,66.60879853
0.281764691,67.26197754
0.282352927,67.26197754
0.282941162,67.26197754
0.283529397,67.26197754
0.284117632,67.66999526
0.284705867,67.66999526
0.285294103,67.66999526
0.285882338,67.66999526
0.286470574,68.32306141
0.287058808,68.32306141
0.287647044,68.32306141
0.288235279,68.32306141
0.288823515,68.32306141
0.28941175,68.73128731
0.289999985,68.73128731
0.29058822,68.97637669
0.291176455,68.97637669
0.291764691,69.38410868
0.292352926,69.38410868
0.292941161,69.38410868
0.293529396,69.38410868
0.294117632,70.03736551
0.294705867,70.03736551
0.295294103,70.03736551
0.295882337,70.03736551
0.296470573,70.03736551
0.297058808,70.44538927
0.297647043,70.44538927
0.298235279,70.44538927
0.298823514,70.44538927
0.299411749,71.09836968
0.299999984,71.09836968
0.30058822,71.09836968
0.301176455,71.09836968
0.30176469,71.09836968
0.302352925,71.50667577
0.302941161,71.50667577
0.303529396,71.7518074
0.304117631,72.15955604
0.304705866,72.15955604
0.305294101,72.15955604
0.305882337,72.15955604
0.306470572,72.15955604
0.307058808,72.81266846
0.307647043,72.81266846
0.308235278,72.81266846
0.308823513,72.81266846
0.309411749,72.81266846
0.309999984,73.22069761
0.31058822,73.46627766
0.311176454,73.46627766
0.311764689,73.46627766
0.312352925,73.87376378
0.31294116,73.87376378
0.313529396,73.87376378
0.314117631,73.87376378
0.314705866,73.87376378
0.315294101,74.52718763
0.315882337,74.52718763
0.316470572,74.52718763
0.317058807,74.52718763
0.317647042,74.93486619
0.318235278,74.93486619
0.318823513,74.93486619
0.319411748,74.93486619
0.319999983,75.58805757
0.320588218,75.58805757
0.321176454,75.58805757
0.321764689,75.58805757
0.322352925,75.58805757
0.322941159,75.99609188
0.323529395,76.241647
0.32411763,76.241647
0.324705866,76.241647
0.325294101,76.64907232
0.325882336,76.64907232
0.326470571,76.64907232
0.327058806,76.64907232
0.327647042,77.30248339
0.328235277,77.30248339
0.328823513,77.30248339
0.329411747,77.30248339
0.329999983,77.30248339
0.330588218,77.30248339
0.331176454,77.95623063
0.331764688,77.95623063
0.332352924,77.95623063
0.332941159,78.36349878
0.333529394,78.36349878
0.33411763,78.36349878
0.334705864,78.36349878
0.3352941,78.36349878
0.335882335,79.01693267
0.336470571,79.01693267
0.337058806,79.01693267
0.337647042,79.01693267
0.338235276,79.42446667
0.338823512,79.42446667
0.339411747,79.42446667
0.339999982,79.42446667
0.340588218,80.07786574
0.341176453,80.07786574
0.341764688,80.07786574
0.342352923,80.07786574
0.342941159,80.07786574
0.343529394,80.07786574
0.344117629,80.73150413
0.344705864,80.73150413
0.3452941,80.73150413
0.345882335,80.73150413
0.346470571,81.13880316
0.347058805,81.13880316
0.34764704,81.13880316
0.348235276,81.13880316
0.348823511,81.79230555
0.349411747,81.79230555
0.349999981,81.79230555
0.350588217,81.79230555
0.351176452,81.79230555
0.351764688,82.19986112
0.352352923,82.19986112
0.352941159,82.44617515
0.353529393,82.85316341
0.354117629,82.85316341
0.354705864,82.85316341
0.355294099,82.85316341
0.355882335,82.85316341
0.356470569,83.50686557
0.357058805,83.50686557
0.35764704,83.50686557
0.358235276,83.50686557
0.35882351,83.50686557
0.359411746,83.91419356
0.359999981,83.91419356
0.360588217,83.91419356
0.361176452,84.1608746
0.361764687,84.56764617
0.362352922,84.56764617
0.362941157,84.56764617
0.363529393,84.56764617
0.364117628,84.56764617
0.364705864,85.22143804
0.365294098,85.22143804
0.365882334,85.22143804
0.366470569,85.22143804
0.367058805,85.22143804
0.36764704,85.62854748
0.368235275,85.62854748
0.36882351,85.62854748
0.369411745,85.87558026
0.369999981,86.28222923
0.370588216,86.28222923
0.371176451,86.28222923
0.371764686,86.28222923
0.372352922,86.28222923
0.372941157,86.93612294
0.373529393,86.93612294
0.374117627,86.93612294
0.374705863,86.93612294
0.375294098,87.34302191
0.375882333,87.34302191
0.376470569,87.34302191
0.377058803,87.34302191
0.377647039,87.99678936
0.378235274,87.99678936
0.37882351,87.99678936
0.379411745,87.99678936
0.379999981,87.99678936
0.380588215,88.4038467
0.381176451,88.65081282
0.381764686,88.65081282
0.382352921,88.65081282
0.382941157,89.05750938
0.383529391,89.05750938
0.384117627,89.05750938
0.384705862,89.05750938
0.385294098,89.05750938
0.385882333,89.71146052
0.386470568,89.71146052
0.387058803,89.71146052
0.387647039,89.71146052
0.388235274,90.11831332
0.38882351,90.11831332
0.389411744,90.11831332
0.389999979,90.11831332
0.390588215,90.77210986
0.39117645,90.77210986
0.391764686,90.77210986
0.39235292,90.77210986
0.392941156,90.77210986
0.393529391,91.17928386
0.394117627,91.17928386
0.394705862,91.42613546
0.395294097,91.42613546
0.395882332,91.83287687
0.396470568,91.83287687
0.397058803,91.83287687
0.397647038,91.83287687
0.398235274,91.83287687
0.398823508,92.48671618
0.399411744,92.48671618
0.399999979,92.48671618
0.400588215,92.48671618
0.401176449,92.48671618
0.401764685,92.89369143
0.40235292,93.14091515
0.402941156,93.14091515
0.403529391,93.14091515
0.404117626,93.54746637
0.404705861,93.54746637
0.405294096,93.54746637
0.405882332,93.54746637
0.406470567,93.54746637
0.407058803,94.20137703
0.407647037,94.20137703
0.408235273,94.20137703
0.408823508,94.20137703
0.409411744,94.6081605
0.409999979,94.6081605
0.410588214,94.6081605
0.411176449,94.6081605
0.411764684,95.26206044
0.41235292,95.26206044
0.412941155,95.26206044
0.41352939,95.26206044
0.414117625,95.26206044
0.414705861,95.26206044
0.415294096,95.91622695
0.415882331,95.91622695
0.416470566,95.91622695
0.417058802,96.32273967
0.417647037,96.32273967
0.418235272,96.32273967
0.418823508,96.32273967
0.419411742,96.32273967
0.419999978,96.97675995
0.420588213,96.97675995
0.421176449,96.97675995
0.421764684,96.97675995
0.42235292,97.38358298
0.422941154,97.38358298
0.42352939,97.38358298
0.424117625,97.38358298
0.424705861,97.38358298
0.425294096,98.03732219
0.42588233,98.03732219
0.426470566,98.03732219
0.427058801,98.03732219
0.427647037,98.44436507
0.428235271,98.44436507
0.428823507,98.44436507
0.429411742,98.69145811
0.429999978,99.09810053
0.430588213,99.09810053
0.431176448,99.09810053
0.431764683,99.09810053
0.432352919,99.09810053
0.432941154,99.75209444
0.433529389,99.75209444
0.434117625,99.75209444
0.434705859,99.75209444
0.435294095,99.75209444
0.43588233,99.75209444
0.436470566,100.1588695
0.437058801,100.4062043
0.437647037,100.4062043
0.438235271,100.4062043
0.438823507,100.8126721
0.439411742,100.8126721
0.439999977,100.8126721
0.440588212,100.8126721
0.441176447,100.8126721
0.441764683,101.466779
0.442352918,101.466779
0.442941154,101.466779
0.443529388,101.466779
0.444117624,101.8733778
0.444705859,101.8733778
0.445294095,101.8733778
0.44588233,101.8733778
0.446470565,102.5273468
0.4470588,102.5273468
0.447647035,102.5273468
0.448235271,102.5273468
0.448823506,102.5273468
0.449411742,102.9342428
0.449999976,103.1815628
0.450588212,103.1815628
0.451176447,103.1815628
0.451764683,103.5880763
0.452352918,103.5880763
0.452941153,103.5880763
0.453529388,103.5880763
0.454117623,103.5880763
0.454705859,104.2420184
0.455294093,104.2420184
0.455882329,104.2420184
0.456470564,104.2420184
0.4570588,104.6487423
0.457647035,104.6487423
0.458235271,104.6487423
0.458823505,104.6487423
0.459411741,104.6487423
0.459999976,105.3026877
0.460588212,105.3026877
0.461176447,105.3026877
0.461764681,105.3026877
0.462352917,105.7095318
0.462941152,105.7095318
0.463529388,105.7095318
0.464117623,105.9567885
0.464705858,106.3633454
0.465294093,106.3633454
0.465882329,106.3633454
0.466470564,106.3633454
0.4670588,106.3633454
0.467647034,106.3633454
0.46823527,107.017347
0.468823505,107.017347
0.46941174,107.017347
0.469999976,107.017347
0.47058821,107.4241084
0.471176446,107.4241084
0.471764681,107.4241084
0.472352917,107.4241084
0.472941152,108.077946
0.473529387,108.077946
0.474117622,108.077946
0.474705858,108.077946
0.475294093,108.077946
0.475882328,108.077946
0.476470563,108.4849074
0.477058798,108.4849074
0.477647034,108.7321039
0.478235269,109.1387021
0.478823505,109.1387021
0.47941174,109.1387021
0.479999975,109.1387021
0.48058821,109.1387021
0.481176446,109.1387021
0.481764681,109.7926455
0.482352916,109.7926455
0.482941151,109.7926455
0.483529386,109.7926455
0.484117622,110.1994424
0.484705857,110.1994424
0.485294092,110.1994424
0.485882327,110.1994424
0.486470563,110.8532923
0.487058798,110.8532923
0.487647034,110.8532923
0.488235269,110.8532923
0.488823504,110.8532923
0.489411739,111.2602841
0.489999974,111.2602841
0.49058821,111.2602841
0.491176445,111.2602841
0.49176468,111.9139753
0.492352915,111.9139753
0.492941151,111.9139753
0.493529386,111.9139753
0.494117622,111.9139753
0.494705857,111.9139753
0.495294092,112.3211577
0.495882327,112.3211577
0.496470562,112.5679806
0.497058798,112.9748114
0.497647032,112.9748114
0.498235268,112.9748114
0.498823503,112.9748114
0.499411739,112.9748114
0.499999974,112.9748114
0.500588209,113.6285556
0.501176444,113.6285556
0.50176468,113.6285556
0.502352915,113.6285556
0.502941151,114.0355761
0.503529386,114.0355761
0.50411762,114.0355761
0.504705856,114.0355761
0.505294091,114.6893357
0.505882327,114.6893357
0.506470562,114.6893357
0.507058797,114.6893357
0.507647032,114.6893357
0.508235268,115.0965421
0.508823503,115.0965421
0.509411739,115.0965421
0.509999973,115.0965421
0.510588209,115.7500962
0.511176444,115.7500962
0.511764679,115.7500962
0.512352914,115.7500962
0.512941149,115.7500962
0.513529385,116.1574847
0.51411762,116.1574847
0.514705856,116.1574847
0.515294091,116.1574847
0.515882326,116.8110062
0.516470561,116.8110062
0.517058797,116.8110062
0.517647032,116.8110062
0.518235267,116.8110062
0.518823503,116.8110062
0.519411737,117.2185735
0.519999973,117.4646978
0.520588208,117.4646978
0.521176444,117.871927
0.521764679,117.871927
0.522352914,117.871927
0.522941149,117.871927
0.523529385,117.871927
0.52411762,117.871927
0.524705855,118.5255532
0.52529409,118.5255532
0.525882325,118.5255532
0.526470561,118.5255532
0.527058796,118.9329601
0.527647031,118.9329601
0.528235266,118.9329601
0.528823502,118.9329601
0.529411737,118.9329601
0.529999973,119.586471
0.530588208,119.586471
0.531176443,119.586471
0.531764678,119.586471
0.532352913,119.586471
0.532941149,119.9940524
0.533529384,119.9940524
0.534117619,119.9940524
0.534705854,119.9940524
0.53529409,120.647398
0.535882325,120.647398
0.536470561,120.647398
0.537058795,120.647398
0.537647031,120.647398
0.538235266,120.647398
0.538823502,121.3010114
0.539411737,121.3010114
0.539999971,121.3010114
0.540588207,121.3010114
0.541176442,121.7084359
0.541764678,121.7084359
0.542352913,121.7084359
0.542941148,121.7084359
0.543529383,121.7084359
0.544117619,122.3619366
0.544705854,122.3619366
0.54529409,122.3619366
0.545882324,122.3619366
0.54647056,122.7695314
0.547058795,122.7695314
0.54764703,122.7695314
0.548235266,122.7695314
0.548823501,122.7695314
0.549411736,123.4229212
0.549999971,123.4229212
0.550588207,123.4229212
0.551176442,123.8306831
0.551764677,123.8306831
0.552352912,123.8306831
0.552941148,123.8306831
0.553529383,123.8306831
0.554117618,123.8306831
0.554705853,124.4839119
0.555294088,124.4839119
0.555882324,124.4839119
0.556470559,124.4839119
0.557058795,124.8918381
0.55764703,124.8918381
0.558235265,124.8918381
0.5588235,124.8918381
0.559411736,124.8918381
0.559999971,125.5450105
0.560588206,125.5450105
0.561176441,125.5450105
0.561764676,125.5450105
0.562352912,125.9522401
0.562941147,125.9522401
