Time (s),Induced Drag in Wind Axes (N),Crosswind Force in Wind Axes (N),Lift in Wind Axes (N),Induced Drag Coefficient in Wind Axes,Crosswind Force Coefficient in Wind Axes,Lift Coefficient in Wind Axes,Rolling Moment in Wind Axes Relative to the CG (N*m),Pitching Moment in Wind Axes Relative to the CG (N*m),Yawing Moment in Wind Axes Relative to the CG (N*m),Rolling Moment Coefficient in Wind Axes Relative to the CG,Pitching Moment Coefficient in Wind Axes Relative to the CG,Yawing Moment Coefficient in Wind Axes Relative to the CG
0.0,48.11784024784446,6.525483085472823e-15,584.9525529763976,0.04720854466687953,6.402169302004587e-18,0.5738985495390878,1.2197759945247833e-10,-28.0307341750049,-8.009698239178993e-12,1.1967255642503659e-14,-0.027501029961655953,-7.858336848554768e-16
0.01292,13.345507099660502,1.916511265384977e-15,290.1713439336083,0.013093313514725004,1.8802944440250004e-18,0.28468789913636794,2.165483408609883e-10,-52.30457337935965,-1.6009132194297008e-11,2.1245616946684506e-14,-0.05131615999270025,-1.570660337994504e-15
0.02584,11.989545394990204,2.398556970873229e-15,296.01755165862755,0.01176297577779024,2.353230804048745e-18,0.2904236295244497,2.9775181592727076e-10,-52.5916435893309,-2.2924195934817834e-11,2.9212512094153564e-14,-0.051597805360824714,-2.249099132809948e-15
0.038759999999999996,11.349006037782832,2.241639771489283e-15,304.7385647907849,0.011134540862593209,2.199278910573009e-18,0.2989798393599138,3.674909654672519e-10,-54.07708887275389,-2.8905147764177322e-11,3.6054639128805486e-14,-0.0530551797910044,-2.8358919525467416e-15
0.05168,10.906132957465843,2.3151997431517974e-15,313.41539014035067,0.010700036872260024,2.2714487999536895e-18,0.30749269644102595,4.2854653337997396e-10,-55.85063460025034,-3.419952193156229e-11,4.204481759509389e-14,-0.05479521035480387,-3.3553244500918966e-15
0.06459999999999999,10.549042697846865,1.3262722840504088e-15,321.49999270924735,0.010349694641925086,1.3012093651656127e-18,0.3154245221323261,4.821447644919996e-10,-57.718890443780296,-3.8872153990592804e-11,4.730335470832425e-14,-0.05662816127247091,-3.8137576593432554e-15
0.07751999999999999,11.25609738302302,1.1485821236036025e-11,347.3769545186136,0.01104886722072263,1.1274361747200494e-14,0.3409815778427791,1.6465849387433353e-10,-72.92198804753102,3.273525576591378e-11,1.6162705187018202e-14,-0.0715794592025737,3.213258397528529e-15
0.09043999999999999,11.270898560204445,7.892960663669788e-12,356.5242185684524,0.011068563656088238,7.75126642070007e-15,0.350123904237361,-2.229507295435088e-10,-74.16787694454396,5.1042645841039747e-11,-2.1894832332506386e-14,-0.07283641697354723,5.0126329471327255e-15
0.10336,11.230339712877372,2.014445785968428e-11,364.5161600363337,0.011033577466583502,1.9791514949658263e-14,0.35812961962055956,-6.9178751046477e-10,-74.92707565552868,1.3520122296342093e-10,-6.796669808995768e-14,-0.0736143086252217,1.3283241694222311e-14
0.11628,11.150830432113374,1.2150814512791728e-11,371.5269690075071,0.010959985077194543,1.1942854529688737e-14,0.36516832184720616,-4.7842646950426e-10,-75.33915117106007,7.698485233284048e-11,-4.702382480143024e-14,-0.07404972908433219,7.566726423424269e-15
0.12919999999999998,11.040719940115594,1.5913554773037366e-11,377.66277602843803,0.010855970265718606,1.5647265610848322e-14,0.37134316324217387,-5.290200636325603e-10,-75.48207135980992,9.816398712735842e-11,-5.20167716590365e-14,-0.07421899357301942,9.652136194008285e-15
0.14212,10.906216799161431,5.324649684201609e-12,383.0105369881027,0.010727627374760578,5.237458484929754e-15,0.3767387350791744,-9.64674976229879e-10,-75.4210528893496,9.470015644841526e-11,-9.488784124982608e-14,-0.07418603228859913,9.314944030713212e-15
0.15503999999999998,10.752485029586383,-2.2995404569743212e-12,387.64771417068744,0.01058003386300779,-2.2626598258170836e-15,0.38143051876457285,7.833609674219694e-10,-75.21927709525346,-1.0155570319425281e-10,7.707972193849028e-14,-0.07401289066006361,-9.992692627055854e-15
0.16796,10.58394707641044,2.3900736208335694e-11,391.6452499284693,0.01041754527413902,2.352496660631783e-14,0.3854877668110045,-8.826028341195318e-10,-74.94208150795394,1.5658049310443448e-10,-8.687264701102398e-14,-0.07376383511850539,1.5411871999984312e-14
0.18087999999999999,10.404402137857753,9.39570425733245e-12,395.06897653717704,0.010243909459802726,9.250771207024306e-15,0.3889748562580117,4.0845907397413895e-10,-74.66006146352358,-2.899742514014542e-11,4.0215840529665126e-14,-0.07350839575036988,-2.8550126549051144e-15
0.1938,10.217084728549295,1.15332685622225e-11,397.98057124696106,0.010062322479430497,1.1358569552690638e-14,0.3919522011249381,-1.3688378377293145e-09,-74.45268408235019,1.4878130012549594e-10,-1.3481035061587884e-13,-0.07332491964194,1.4652765055264856e-14
0.20672,10.024693745507083,4.663195034229856e-12,400.438444056683,0.009875455792703738,4.593773892986204e-15,0.39447710347791864,1.40190323214211e-09,-74.41335955533333,-1.492230302391528e-10,1.3810330515954922e-13,-0.07330556536997634,-1.470015419713457e-14
0.21963999999999997,9.829408216346852,7.597519376419197e-12,402.4989033062594,0.009685470585353925,7.486264566730249e-15,0.39660488228851337,-1.2977986752886068e-09,-74.65702615990926,1.28073759257993e-10,-1.2787942690501783e-13,-0.07356378074310348,1.2619830215068755e-14
0.23256,9.632862975879398,3.607856840277601e-11,404.21769834391455,0.00949399279460222,3.555844916648457e-14,0.398390377309138,-2.245853366586453e-09,-75.33181328081882,3.219819506811665e-10,-2.2134764849759945e-13,-0.0742458077399489,3.1734016433259755e-14
0.24547999999999998,9.43603719096767,1.4119900989258934e-11,405.65207619080854,0.009302002314632686,1.3919333829056433e-14,0.39988996178124364,2.7059036589092405e-10,-76.63688831623742,-1.5137033342293036e-11,2.6674674536510148e-14,-0.07554829406419297,-1.4922018251630307e-15
0.25839999999999996,9.239013014035002,2.3386387371910218e-11,406.8640617382226,0.009109594066929284,2.3058793761458397e-14,0.40116476048111566,-1.875638232813356e-09,-78.84781801941308,2.2634296313606258e-10,-1.8493645253433934e-13,-0.07774332757501667,2.23172379013131e-14
0.27132,9.0402510366335,2.1516527588747978e-11,407.9220825275169,0.008915262245839575,2.1219044172136665e-14,0.4022822294275703,-1.7431158241449768e-10,-82.34162776744937,3.4037206454412745e-11,-1.7190158364133565e-14,-0.08120318808862277,3.356661451404508e-15
0.28424,8.835044093871097,-3.0733819674166694e-12,408.89389738992656,0.008714372957372419,-3.031404984510609e-15,0.40330912715209094,-2.283104452478675e-10,-87.55352610487449,-4.821479437071531e-11,-2.2519212680940137e-14,-0.08635769919249145,-4.7556265225761706e-15
0.29716,8.612807530834523,-1.0302104547410105e-07,409.77089470878695,0.00849648670661761,-1.0162968814046348e-10,0.4042367076226383,-5.725830352289893e-09,-94.45281562718331,-9.493399518959373e-08,-5.648499783422525e-13,-0.09317717707099493,-9.365185803198002e-12
0.31007999999999997,8.360321624552618,-4.49565212982529e-10,410.0024882787521,0.008248551849889926,-4.43554941511193e-13,0.40452113387828526,-2.4012396632185122e-09,-99.29560148274328,-2.535911316868377e-09,-2.369137307816197e-13,-0.09796811104623551,-2.502008525901754e-13
0.32299999999999995,8.093951047516839,1.0839707803027369e-07,406.5752023911557,0.007986698528521215,1.0696071405892513e-10,0.4011876957999235,2.455054648167916e-09,-80.79720609746607,1.2510991047133464e-07,2.4225228483408454e-13,-0.07972656657532312,1.2345208563762944e-11
0.33592,7.908789947679217,9.647627671933944e-08,397.6869251783031,0.0078047787333673695,9.520748405190881e-11,0.39245680776750014,1.4010522921430148e-08,-23.68611528542372,5.829679553977316e-08,1.382626572003241e-12,-0.023374611044008092,5.753011434901013e-12
0.34884,7.733860978094185,1.0220869080252635e-07,395.70885276080844,0.007632772957279074,1.0087273786872057e-10,0.3905366076353904,7.346501944578764e-09,-8.523879851100395,8.920310042619925e-08,7.250477029779372e-13,-0.008412465623943459,8.803714141837672e-12
0.36175999999999997,7.637862398677779,-7.031197817947817e-09,393.70694628458926,0.007538519202341972,-6.939745310839911e-12,0.3885861278642035,7.3280976950575785e-09,8.325050205877666,-3.864334327249291e-08,7.232783507646438e-13,0.008216768980851785,-3.8140721853382796e-12
0.37467999999999996,7.527121903836516,1.009627764797677e-07,393.13449526427166,0.007429571520376202,9.9654313871264e-11,0.3880395305148686,1.6182530270926025e-08,17.178228675613475,7.992755320967403e-08,1.597280707878769e-12,0.016955601379831146,7.889170397483245e-12
0.3876,7.482564805025714,-7.727602423758249e-09,393.2946394953199,0.007385835784561779,-7.627705739604867e-12,0.388210419548899,9.45258247427415e-09,21.228045842325507,-4.210371235143534e-08,9.330386533789014e-13,0.020953625488583632,-4.155942694131577e-12
0.40052,7.4674128141062255,1.0471882158109941e-07,392.1317830089181,0.007371023429889925,1.0336711075710543e-10,0.38707014492397535,7.0251326264418955e-09,35.985133099274655,8.545810241400039e-08,6.934452196049536e-13,0.035520636906720734,8.435500900360012e-12
0.41344,7.363602817316142,3.710481001952474e-09,393.39283808227,0.0072685703340858625,3.662594629976366e-12,0.3883158262966735,-9.691250789979184e-09,33.06009818349619,2.10493417064036e-08,-9.566178369449745e-13,0.03263343432014572,2.077768511894913e-12
0.42635999999999996,7.2502356536491845,1.1216431841585446e-07,394.67047381740537,0.0071565610548208645,1.1071513137802782e-10,0.38957124669288834,-5.9775179534697605e-09,29.29469977820904,1.3575685070086966e-07,-5.900287140151503e-13,0.02891620597737119,1.3400284308855165e-11
0.43927999999999995,7.172985630550766,-1.0921648493323573e-07,395.4454177195601,0.007080099134131945,-1.0780218729496646e-10,0.3903246017485365,-4.188357311300183e-09,28.71242717127962,-1.0381497807426997e-07,-4.1341202255963106e-13,0.028340615919872452,-1.0247062718807209e-11
0.4522,7.112155454707743,1.0450411959136324e-07,396.0649486893734,0.007019750959701125,1.0314635253207335e-10,0.39091908513133794,5.29603667199515e-09,29.04026658291319,8.81546504780443e-08,5.227228053099129e-13,0.028662961673657388,8.700930347153072e-12
0.46512,7.060513303581416,8.430783666216629e-09,396.6491292575874,0.006968384392494274,8.320774820487832e-12,0.39147346414785267,-6.1309457126038235e-09,29.48166755677667,4.7087946817281326e-08,-6.050946238323383e-13,0.029096976839224846,4.647352105543128e-12
0.47803999999999996,7.015194475173942,3.954730366565419e-09,397.23470137011856,0.006923176736014468,3.902856487857638e-12,0.3920242058856208,-4.574566235893787e-09,29.785404016550928,2.2479015893411625e-08,-4.514562020165787e-13,0.0293947112784873,2.2184160458061724e-12
0.49095999999999995,6.974701202018796,-7.084083979194025e-09,397.8308530669935,0.006882653881303813,-6.990593099639787e-12,0.3925805544431652,5.480592881239148e-10,29.876123574528005,-2.594644008643257e-08,5.408263776946959e-14,0.029481838995342152,-2.5604016773537582e-12
0.50388,6.938214260706577,1.0812168238064316e-07,398.4356600699264,0.00684601103210389,1.0668483309596363e-10,0.39314077396977465,8.55944168631543e-09,29.755617426260603,8.882697242689264e-08,8.445693662852929e-13,0.029360189454065322,8.764653415603312e-12
0.5167999999999999,6.905188648886732,1.0013271446261296e-07,399.04438127315274,0.006812713712819597,9.879172772944793e-11,0.3937003413746724,1.5645174490361824e-08,29.448233423054003,7.198359933396585e-08,1.543565284159577e-12,0.029053859910387402,7.101958819903996e-12
0.52972,6.875170799502971,-9.639927792412165e-09,399.6524132213652,0.006782317424069319,-9.509734687314783e-12,0.39425486359678114,8.44505249595052e-09,28.978667965555783,-5.4008680509134764e-08,8.330996910593996e-13,0.028587293377979366,-5.3279260334096585e-12
0.54264,6.8477550045141875,-4.173770574708505e-09,400.25539637703935,0.006754424689883407,-4.1168848770342376e-12,0.39480018338359674,4.371145001733203e-09,28.369307910908056,-8.489240939149947e-09,4.311569222804256e-13,0.02798265324358466,-8.373538270566582e-13
0.5555599999999999,6.822650557193796,1.0082178920877893e-07,400.85074630422577,0.006728751306534902,9.943419206051062e-11,0.39533388971183614,1.8887588058417207e-08,27.63768953264762,4.4888965238500256e-08,1.8627640644934442e-12,0.027257315612672715,4.427116425874701e-12
0.56848,6.799570234011515,-1.0607193611590541e-07,401.435398929301,0.006705016364013069,-1.0459691464942815e-10,0.3958530945752298,-1.3604910274106356e-08,26.798858616485433,-8.558265518523058e-08,-1.3415722299995315e-12,0.026426197447246363,-8.439255478564518e-12
0.5813999999999999,6.778298020304909,1.963186949454178e-09,402.0073163156941,0.006683009062347783,1.9355885703141436e-12,0.39635591855358443,-5.268745462515892e-09,25.86353929544699,1.3094313115140188e-08,-5.194677715219957e-13,0.025499951016919885,1.291023394833927e-12
0.59432,6.758655272550445,-3.5048026566908594e-09,402.56509871064287,0.006662555339681462,-3.4549685866806685e-12,0.3968411081531411,-4.708166221056813e-09,24.838307195363576,-1.988867999209064e-08,-4.641221771379498e-13,0.024485136400612735,-1.960588693119062e-12
0.60724,6.740455773734396,-3.4248629855377738e-09,403.107698255808,0.006643473563419171,-3.375585786263127e-12,0.3973077528390202,-1.780214384621843e-09,23.727201743085654,-1.962951637538882e-08,-1.754600519380215e-13,0.023385812889440697,-1.934708534262063e-12
0.6201599999999999,6.723409369836272,2.774141994890197e-09,403.63371969305393,0.006625479562388285,2.7337352345028574e-12,0.3977545934529664,-8.847578682992638e-09,22.53633053549966,3.0124049677213977e-08,-8.718709291119289e-13,0.022208077652397375,2.968527788418912e-12
0.63308,6.707017653585428,1.0213364270376092e-08,404.13994496360164,0.006608083893439401,1.0062709153124504e-11,0.39817856444463384,-1.2085759134285598e-08,21.28425727880857,5.81095680565369e-08,-1.1907484727219608e-12,0.02097029782420921,5.725240644384584e-12
0.6459999999999999,6.690653668828659,9.672986088503252e-09,404.62000427785205,0.006590670526389538,9.528435855630746e-12,0.39857348303734774,-1.0260883542564141e-08,20.012766296506072,5.3939712273807496e-08,-1.010754794464385e-12,0.01971370145736387,5.313365322452158e-12
0.65892,6.673889345131922,1.382992893110965e-08,405.06610012278566,0.006572819529540136,1.3620487585227232e-11,0.39893175267937825,-1.5615746204452777e-08,18.77795416877205,7.772141210484106e-08,-1.5379260325290965e-12,0.018493579605922406,7.654439397002596e-12
0.67184,6.6566144767986515,-5.364467466881502e-09,405.4735688771927,0.006554424147449833,-5.282113787074392e-12,0.3992488614541892,3.8844709817615313e-10,17.621075517758467,-1.605828098221476e-08,3.824837759745188e-14,0.017350562103331895,-1.581175911617189e-12
0.6847599999999999,6.63890380060835,-9.34156214126118e-10,405.8416466388895,0.0065355596923319745,-9.196147259769973e-13,0.399524136349093,-8.878748733229843e-09,16.561770797669645,7.829866995932048e-09,-8.740538209624792e-13,0.01630396295981454,7.707983828632188e-13
0.69768,6.620920152092868,-1.0199605756983603e-07,406.17186894699194,0.0065163880640446755,-1.0038572839722272e-10,0.3997591660911744,-9.537148600187511e-09,15.606515781529959,-7.109552621710723e-08,-9.386574656641558e-13,0.015360117751599827,-6.997305930380212e-12
0.7106,6.602849347034326,-1.1158900580992134e-07,406.4667162868537,0.006497093583501723,-1.0980171976248595e-10,0.3999564665943004,-1.1379448566955982e-08,14.756394227590452,-9.70611870492006e-08,-1.1197187514412213e-12,0.01452004569735663,-9.55065885105592e-12
0.7235199999999999,6.584906130158377,-6.79059272946894e-09,406.7291466873449,0.0064778888244819335,-6.680232623570767e-12,0.40011902096069135,9.052987711551681e-09,14.009149917968735,-3.872428615216857e-08,8.905859364683523e-13,0.01378147446604816,-3.809494251592923e-12
0.73644,6.567287462806952,1.1451708363783464e-07,406.9635673999964,0.006458968631885169,1.126282738833549e-10,0.4002512347819744,3.2152379789356562e-09,13.351356982628458,1.1179021703600512e-07,3.162206827035268e-13,0.013131143783835486,1.0994638338529161e-11
0.7493599999999999,6.550108472789351,-1.0044028333819933e-07,407.1750582188959,0.006440447142782401,-9.87587211010397e-11,0.4003581698245383,-1.4313065543926187e-08,12.76267492221091,-4.735087309736092e-08,-1.4073437481193482e-12,0.012549003360552025,-4.6558129016492945e-12
0.76228,6.533428509269804,-9.8047269435887e-10,407.36770945505526,0.0064223834866812424,-9.638081494973059e-13,0.40044390881438013,-1.0482863671881222e-09,12.227057237716618,8.350261808813007e-09,-1.0304692313369339e-13,0.012019240798732482,8.208337088910671e-13
0.7752,6.517277421594297,8.641813402272741e-10,407.54447151651937,0.006404807677459721,8.492680186155235e-13,0.400511408556356,4.2149641132461604e-10,11.734200942402815,3.617114438032814e-09,4.1422257741074153e-14,0.011531701878415925,3.554693290514513e-13
0.7881199999999999,6.5016706307934555,-1.0134421515540708e-07,407.7075091121904,0.006387735459644182,-9.956826076546423e-11,0.40056284930590424,-1.1835862080965864e-08,11.277647158412401,-5.3131231948616204e-08,-1.1628450624976825e-12,0.011080017851712498,-5.220016109787725e-12
0.80104,6.486611448041781,2.559663593998633e-09,407.85863649427444,0.006371170606206724,2.5141098064051196e-12,0.40060006324324193,4.4154104857168295e-09,10.852269740898766,5.095154121910442e-10,4.336830366096383e-13,0.010659134208618862,5.004476749629994e-14
0.8139599999999999,6.472096316860618,-1.1696059741727193e-07,407.99941584699883,0.006355110085508907,-1.1484647877029722e-10,0.4006246315859401,-5.832057850341923e-11,10.453735509076092,-1.2498366982860606e-07,-5.726640619890754e-15,0.010264779248093315,-1.2272453031678131e-11
0.82688,6.4581261756176325,2.4070306173175616e-10,408.1310628397375,0.006339555230647556,2.3628376289636363e-13,0.40063779242714437,4.6060216908246e-09,10.0794041938374,1.1414447155544916e-09,4.5214553120357085e-13,0.009894346725540978,1.1204878350485991e-13
0.8398,6.444702491094393,3.250456154424041e-10,408.25459909495817,0.006324507844642185,3.1898346705263326e-13,0.4006405909590491,2.5459177674254608e-09,9.727524102516725,1.7575332445421267e-09,2.4984360277524577e-13,0.009546104351648012,1.7247549918225244e-13
0.8527199999999999,6.431821771050899,3.3841115009534426e-09,408.37097024943336,0.00630996481814707,3.3199963045950694e-12,0.40063399558496826,2.6592715792777175e-09,9.396319168560119,2.0132762365921627e-08,2.6088891614916623e-13,0.009218297005765411,1.9751328121818306e-12
0.86564,6.419475077216628,-1.1086216177813712e-07,408.48104778859516,0.006295917660846098,-1.0872836701800583e-10,0.400618899825717,-5.198320164659881e-09,9.083996842774715,-9.05037371784535e-08,-5.098266655410852e-13,0.008909154637343496,-8.8761786660204e-12
0.8785599999999999,6.407649793666199,-1.0745807958485821e-07,408.58563913919824,0.006282354245728898,-1.0535683819442147e-10,0.40059613234907027,-1.1759235480788595e-08,8.788734559930571,-8.565663018157867e-08,-1.1529294722424187e-12,0.0086168791452588,-8.398169557081509e-12
0.8914799999999999,6.396330768536124,-5.940534148175379e-09,408.6854578215811,0.006269259936308486,-5.822518266038922e-12,0.40056642784580526,9.304556230430399e-09,8.508828363057175,-3.288017282193676e-08,9.119709988656031e-13,0.008339790215953461,-3.2226968496603177e-12
0.9044,6.385500896815596,-1.1819792944793711e-07,408.7811395145046,0.006256618164199422,-1.1581226348641155e-10,0.40053044295147444,3.196917668434677e-09,8.24269795793559,-1.4588076319168067e-07,3.132392192404713e-13,0.008076330204784342,-1.4293635652725549e-11
0.9173199999999999,6.375143585714351,1.1375426854330217e-07,408.87326965691705,0.00624441285025704,1.1142158709258187e-10,0.40048878348301153,-8.445142196963224e-09,7.988868538857499,1.373432394394924e-07,-8.271963407245522e-13,0.007825046242855111,1.3452683499924598e-11
0.93024,6.365239440171688,1.1858311476482839e-07,408.962328981868,0.006232625160247881,1.1611253773100738e-10,0.4004419511887537,-6.0767188819769e-09,7.745934506293538,1.33636529718678e-07,-5.950115679315441e-13,0.007584554634170239,1.3085232775318509e-11
0.9431599999999999,6.35577017563887,-1.1199981838163686e-07,409.0487708199087,0.0062212373424098055,-1.0962911389238781e-10,0.40039041966080047,-8.284139156738538e-09,7.512587188734713,-1.1381384001193249e-07,-8.108788462672915e-13,0.0073535679650291825,-1.1140473805664575e-11
0.9560799999999999,6.3467165559195635,1.1496219901228967e-07,409.1329638807284,0.006210230709945019,1.1248994223998249e-10,0.40033457841647585,-4.400987201394878e-09,7.287734028494937,1.4263519200871514e-07,-4.306344175191781e-13,0.007131011645298405,1.3956782880200418e-11
0.969,6.338057558339774,-1.3836053796758222e-09,409.21521214606776,0.006199584827705481,-1.35337662058355e-12,0.40027475249871164,2.1718337946610698e-09,7.070304589051846,-7.261434288493574e-09,2.1243839642891704e-13,0.006915833858256111,-7.102787790730847e-13
0.9819199999999999,6.329771474156551,1.9204391388522715e-09,409.29578861199786,0.006189278593175637,1.8778138989889614e-12,0.4002112355992657,-7.304935450729751e-11,6.859397830060578,1.1124438698484116e-08,-7.14279825019371e-15,0.006707149590629809,1.087752544917856e-12
0.99484,6.321835524732126,2.463556648083044e-09,409.3748660318082,0.006179289864056475,2.4080080168921417e-12,0.4001442224134767,-1.8111397829481803e-09,6.654441339099676,1.4257286929929314e-08,-1.7703019414816795e-13,0.006504396034472818,1.3935811564599367e-12
1.00776,6.314226556883874,-7.800391121295073e-09,409.4525707899154,0.006169596141201831,-7.621719386888351e-12,0.40007386146076335,4.034464403204764e-09,6.4550533657460205,-2.806022705116324e-08,3.942053043169898e-13,0.006307197243839879,-2.7417493968024535e-12
1.02068,6.306921518110013,-5.3279242451089675e-09,409.528981130769,0.006160175035083674,-5.203956610097902e-12,0.4000002534455212,6.000662342560464e-09,6.261057065058838,-4.406806801785564e-08,5.861041753962556e-13,0.006115377734550866,-4.304271294140249e-12
1.0335999999999999,6.299897896557987,-1.1378845171283116e-07,409.6041347341551,0.006151004696788035,-1.1109914992563098e-10,0.39992345875162977,-3.6280792560405906e-09,6.072453368586834,-1.0770722471157796e-07,-3.542332417231344e-13,0.005928935643800103,-1.051616480071666e-11
1.04652,6.293134344979304,5.942730519593362e-09,409.6780414391097,0.0061420644276578285,5.8000722258013304e-12,0.39984350995512724,-7.191826447866838e-09,5.8893830149001705,1.8291608910974535e-08,-7.019182965730399e-13,0.005748005355317028,1.7852509458400118e-12
1.05944,6.286610888730564,-1.2263492341471302e-07,409.75069490090175,0.006133334881656381,-1.1964491946480242e-10,0.39976042327094186,5.61205364677768e-09,5.712056521902404,-1.5836675594097998e-07,5.475224250193555e-13,0.005572788921066998,-1.5450556197915253e-11
1.07236,6.280309404839588,-1.1535125287865194e-09,409.8220863131467,0.0061247985316280115,-1.1249496461244241e-12,0.3996742119974583,3.789002163206419e-09,5.540715270787715,-2.1005473000142014e-08,3.695180187724331e-13,0.005403517974534614,-2.048534266293967e-12
1.08528,6.274213256750794,1.0454075371387046e-07,409.892201821932,0.006116439311122107,1.0191192894852037e-10,0.3995848840248689,9.966221855360721e-09,5.3756008472393075,7.097385379540597e-08,9.715607143876491e-13,0.005240423778643287,6.918911609339584e-12
1.0981999999999998,6.268307608598342,7.239911357605889e-09,409.9610410440414,0.006108242919221714,7.055036231027882e-12,0.3994924599231626,-9.691716411451249e-09,5.21690369346821,2.5390141208693658e-08,-9.44423309158396e-13,0.005083687182514387,2.4741789959909453e-12
1.1111199999999999,6.262579024588447,1.0941298933638328e-07,410.02861255021156,0.006100196428065174,1.0657601670385308e-10,0.399396968543274,3.433224069542439e-09,5.064758122948542,9.943150790897148e-08,3.3442039012268566e-13,0.004933433859967163,9.68533454032226e-12
1.12404,6.257015367410229,-7.092543212976896e-10,410.0949352165835,0.006092288182341324,-6.905819254372201e-13,0.39929844834185124,-1.3223096379518192e-10,4.919244052276057,-3.91408902916071e-09,-1.2874974580770809e-14,0.004789736103547175,-3.8110435945528696e-13
1.13696,6.251605577773997,-1.0997493214378337e-07,410.16003519238865,0.00608450758318297,-1.0703543278031685e-10,0.3991969444328406,-6.6570185130995835e-09,4.780391854656132,-1.0268034119138405e-07,-6.479084312092239e-13,0.004652617656118683,-9.993581758324048e-12
1.14988,6.246339663108003,1.1700416072853932e-07,410.22394766136887,0.006076845076003196,1.1382924982362054e-10,0.3990925103109429,-5.823705600212008e-10,4.648180157550209,1.4221940086658073e-07,-5.665679199253091e-14,0.004522051669654192,1.3836027377322957e-11
1.1627999999999998,6.241208602274096,1.2386652644589795e-08,410.28671643588456,0.0060692920566051455,1.2045457425720946e-11,0.39898520746247634,-6.067955886951358e-09,4.522545354981912,5.4476280208949437e-08,-5.900811655467709e-13,0.004397970064424191,5.297570964461932e-12
1.1757199999999999,6.236204151599974,1.1615308503480959e-07,410.34839089303495,0.006061840681484946,1.1290545963979437e-10,0.3988751023904656,5.418290859071856e-09,4.403392799508435,1.2344341823345722e-07,5.266796139958481e-13,0.00428027450027751,1.1999195605505436e-11
1.18864,6.231318702771496,1.1106399549386603e-07,410.40901925048394,0.006054483728895392,1.0791217487955558e-10,0.39876226008770865,4.7393628568007326e-09,4.290613814278606,9.574472828390659e-08,4.604867231244142e-13,0.004168852977134624,9.30276442552356e-12
1.20156,6.226545356316038,-1.162929481733087e-07,410.468652798425,0.006047214669621186,-1.129435958342089e-10,0.3986467481690169,6.3826553047270445e-09,4.1840829803994435,-1.3850013551781357e-07,6.198828496564123e-13,0.004063577237467345,-1.3451119414046617e-11
1.21448,6.221877873875485,-1.1315845984351204e-07,410.52734390126756,0.006040027619840249,-1.0985111516624321e-10,0.3985286349439098,-9.678356363565118e-09,4.083653440512,-1.0663255425711294e-07,-9.395481707547226e-13,0.003964298250551254,-1.0351594581940928e-11
1.2273999999999998,6.217310332342116,1.4171761390577909e-09,410.58514317799467,0.006032917004659141,1.3751454521167809e-12,0.3984079866905749,-4.662742260032192e-09,3.9891570147420237,8.777514154263844e-09,-4.5244543967124455e-13,0.0038708463792294693,8.517190162509774e-13
1.2403199999999999,6.212837782099918,-1.2311989386100207e-09,410.642110466312,0.006025878196602638,-1.1941491312111514e-12,0.39828487832004456,4.820122004919823e-09,3.9004178870505886,-6.985481219332427e-09,4.67507266616475e-13,0.0037830447096065963,-6.77527089048267e-13
1.25324,6.208455486096778,1.6008097535750358e-09,410.6983025458911,0.006018906776282433,1.5519358550461872e-12,0.39815938146562463,-8.481084786159284e-10,3.8172444593588257,-5.81879351623601e-09,-8.22215103320856e-14,0.0037007011799654647,-5.641141472801286e-13
1.26616,6.204159196896136,-1.5849970278042408e-09,410.7537784633976,0.006011998800935606,-1.535905177193525e-12,0.3980315696665476,2.5777719023828775e-09,3.739440208911396,-2.193262860658923e-08,2.497930999895134e-13,0.0036236191462322453,-2.125331293080742e-12
1.27908,6.1999448358382345,-1.3224857555874927e-09,410.80859316229305,0.0060051504929970485,-1.2809349433629406e-12,0.3979015122031216,-4.0049357567316855e-09,3.6668087850070332,-6.967301133881766e-09,-3.8791057938029514e-13,0.003551602339383366,-6.748397436883362e-13
1.2919999999999998,6.195808548173204,1.3121505198100743e-09,410.86279774179036,0.005998358293499148,1.2703344352276054e-12,0.3977692743671647,-1.3010763604641174e-08,3.599139670404509,2.0885796840391753e-08,-1.2596131911736817e-12,0.0034844409932256607,2.0220200756661594e-12
1.3049199999999999,6.191747167919289,5.53834050335045e-09,410.9164455071081,0.005991619311925014,5.3593318680423894e-12,0.3976349233451234,-1.1293989508701072e-08,3.5362240773969607,4.517852599013408e-08,-1.0928948455715422e-12,0.003421927268478226,4.371827877748416e-12
1.31784,6.187758020768335,1.2247095682890465e-07,410.969605232606,0.005984931134500096,1.18456513673803e-10,0.3974985410603411,-1.3476163202797113e-08,3.4778442799668388,1.7467141385677825e-07,-1.3034431607590588e-12,0.0033638449406481544,1.689459057044342e-11
1.33076,6.183837624856064,-7.066236127238975e-09,411.02231384901705,0.005978290567037991,-6.831358671860195e-12,0.3973601783864597,4.645672423524271e-09,3.4237829860762927,-2.5440736175429183e-08,4.4912530554600583e-13,0.0033099784908601133,-2.459510134689388e-12
1.34368,6.179983719016214,-8.172947794511737e-09,411.07463256544986,0.005971695597341491,-7.897489472602855e-12,0.3972199094823259,4.596735424398162e-09,3.373821868915657,-3.12505664242273e-08,4.441808578161103e-13,0.0032601116955734187,-3.019730769771246e-12
1.3565999999999998,6.176193595956363,-1.0994069173441058e-07,411.1266082992381,0.005965143782633572,-1.0618385314011567e-10,0.3970777944812265,-2.1992795258584337e-09,3.3277488729932503,-1.0507667937493806e-07,-2.1241268406056674e-13,0.003214034694912729,-1.0148605138989906e-11
1.3695199999999998,6.172464778510001,8.134823548691926e-13,411.1782890838576,0.005958632903732255,7.85300994054318e-16,0.3969338944088455,-1.9683216559122546e-09,3.28535164513373,9.277566811156924e-11,-1.9001333510855145e-13,0.003171537645898131,8.95616530044885e-15
1.38244,6.168794978966652,-1.1389124919938448e-07,411.22972225224646,0.00595216092555932,-1.0989164748692487e-10,0.39678826943742157,-5.39145794473082e-09,3.2464257452178407,-1.1349475930978647e-07,-5.202122200501263e-13,0.0031324186545833793,-1.0950908142073345e-11
1.39536,6.165181876271031,-2.859693087047345e-09,411.28095132704186,0.0059457257820310664,-2.7578993219641286e-12,0.39664097589323977,4.6670387490607865e-09,3.210773194848826,-1.6560863072041136e-08,4.500910625659026e-13,0.003096482366293727,-1.5971361837532343e-12
1.40828,6.161623211491211,1.1337581351067107e-09,411.33201625621695,0.0059393254683840924,1.0928546481499738e-12,0.3964920664989957,-9.992992825197073e-11,3.1782072966886927,7.035364860125507e-09,-9.632467736972905e-15,0.0030635446039322025,6.781544450038709e-13
1.4212,6.158116769541003,1.7661109206716957e-09,411.3829540410129,0.005932958023622049,1.7015367440307016e-12,0.3963415909927424,9.639772481536245e-10,3.1485464098687257,2.3553105943832656e-08,9.287314227801552e-14,0.0030334263516359704,2.2691935557613287e-12
1.4341199999999998,6.1546605312704195,1.086514730121669e-07,411.4338005848564,0.005926621677105002,1.0462578267828185e-10,0.39618959792353975,6.403704469587018e-09,3.1216238570393315,9.7830546637927e-08,6.166438186217017e-13,0.003005963289916592,9.420578688970994e-12
1.4470399999999999,6.151252369390029,-3.284602630236167e-09,411.48458603976457,0.005920314555545863,-3.1612880748867238e-12,0.396036130176781,4.9248622671170504e-09,3.097279639801059,-4.182112819127595e-09,4.739967085265746e-13,0.002980997792475287,-4.025102842345459e-13
1.45996,6.147890371956308,-1.0385804697245846e-07,411.53533900433706,0.00591403499467281,-9.990746209061663e-11,0.39588122903397216,-2.58771319427566e-09,3.0753706859612624,-8.587145523779114e-08,-2.4892809502478185e-13,0.0029583887737052003,-8.260504995930428e-12
1.47288,6.144572577558691,-3.7405521705012613e-10,411.5860887102513,0.005907781284229242,-3.596403789952523e-13,0.395724936281512,3.341872166717538e-09,3.0557448330537635,-1.5224647937770825e-08,3.2130875812137674e-13,0.002937986638814797,-1.4637940883672909e-12
1.4858,6.141297136357014,-3.1294745716998316e-09,411.6368576811668,0.0059015518230097555,-3.0073054525144475e-12,0.39556728715903544,6.614479015093924e-09,3.0382753798176227,-1.793873678939187e-08,6.356261523106027e-13,0.0029196665148178537,-1.7238440422494707e-12
1.4987199999999998,6.138062310390072,-1.178804175263093e-07,411.68766835952965,0.005895345119036484,-1.1321907614351781e-10,0.3954083167455865,-3.428400422788785e-09,3.022837458061105,-1.3581327936403523e-07,-3.292831300258671e-13,0.0029033054981953566,-1.3044281942915327e-11
1.5116399999999999,6.134866336887129,9.876942882558572e-08,411.73854206948585,0.005889159658175945,9.481362816387982e-11,0.3952480589662124,1.3281639165859556e-08,3.0093150778191764,4.47330658749198e-08,1.2749698082210846e-12,0.0028887894180308626,4.29414680729256e-12
1.52456,6.131707507806748,-7.452475251444723e-09,411.78949225323356,0.005882993980626057,-7.150188913804882e-12,0.39508654010754624,8.724325555212816e-09,2.9976018896706087,-4.204900749530195e-08,8.370450589985429e-13,0.002876013549373184,-4.03434210896737e-12
1.53748,6.128584468590958,-1.3728763313851434e-09,411.8405347467833,0.005876846967455224,-1.3164841157271044e-12,0.39492378869964984,-4.508570961748347e-10,2.987611264701778,-2.167045895265595e-08,-4.323377073433611e-14,0.002864892258706922,-2.0780324009886638e-12
1.5504,6.125495659439448,1.0302554536660179e-07,411.89168834751734,0.0058707173042531055,9.87403935274638e-11,0.3947598360523662,1.2574850953593347e-08,2.97922817661019,5.623350998856934e-08,1.205182391695953e-12,0.00285531284032359,5.389458396889871e-12
1.5633199999999998,6.122439705826771,-1.0825670353114547e-07,411.9429635727906,0.005864603855856314,-1.0369766162773755e-10,0.39459470548360837,-6.012735602740846e-09,2.9723714410538027,-1.1061248355677648e-07,-5.759519749376886e-13,0.002847195211681932,-1.0595423209403653e-11
1.5762399999999999,6.119415327797729,-7.356060674359619e-10,411.9943740275834,0.005858505579138119,-7.042424838440191e-13,0.3944284232269544,-1.1260797758813715e-10,2.966956323476066,1.0938796131665692e-08,-1.078067804874721e-14,0.0028404560310174454,1.0472405406985346e-12
1.58916,6.116421265673381,-1.149580362848079e-07,412.04593074348367,0.005852421451748774,-1.0999616415892084e-10,0.394261013008146,8.49865896096397e-09,2.962902072647195,-1.4831644717925652e-07,8.131835897795481e-13,0.0028350159180022243,-1.419147438372988e-11
1.60208,6.113456360390639,-1.0714806337222716e-07,412.0976440669885,0.005846350548984209,-1.0246660844386686e-10,0.3940924978602758,-1.4864088111883338e-08,2.960135042151955,-9.228052721746471e-08,-1.4214654455717094e-12,0.0028308024313183537,-8.824865659528543e-12
1.615,6.110519516889706,-6.283896636660999e-09,412.1495237138751,0.00584029200860472,-6.006001815156585e-12,0.3939229001794601,1.539490473318425e-08,2.958584586950959,-4.789910142594348e-08,1.4714090813052847e-12,0.0028277461306180237,-4.578084375707493e-12
1.6279199999999998,6.107609687669488,9.604117595118129e-08,412.20157834520364,0.005834245015023621,9.17425606225982e-11,0.39375224132290904,1.534001494439793e-08,2.9581831476955993,3.127524729979858e-08,1.4653425856669546e-12,0.002825780651604712,2.987542835634376e-12
1.6408399999999999,6.104725878198099,-1.1188298582944867e-07,412.2538154824685,0.005828208804409009,-1.0681518156344006e-10,0.3935805415320831,-3.689856382170644e-09,2.958868190738722,-1.0434179825942818e-07,-3.522722212699797e-13,0.002824844552305969,-9.961557642666262e-12
1.65376,6.101867110504635,-1.5746852921379488e-09,412.30624383300056,0.005822182629856778,-1.5025081977929694e-12,0.3934078221555143,-9.93507526450677e-09,2.9605713103623743,5.284479180699636e-09,-9.479692294797824e-13,0.002824870903525562,5.042260399401701e-13
1.66668,6.099032622394574,-6.118940865217273e-09,412.35886897391754,0.005816165951419001,-5.835150871032778e-12,0.39323410153364946,1.1449830530378448e-09,2.963247394626416,-1.952437030781134e-08,1.091879952171153e-13,0.0028258151200854864,-1.861885069940882e-12
1.6796,6.09622148151184,-1.0404530481463285e-07,412.4116999044379,0.0058101580676906605,-9.916300925211043e-11,0.39305940124989464,-1.4238397404021118e-08,2.9668318454549136,-7.582680243302695e-08,-1.3570264761352304e-12,0.0028276141269848575,-7.226865185911498e-12
1.6925199999999998,6.093432877291043,-5.298560650021024e-09,412.46474359166336,0.005804158394436717,-5.047021259537325e-12,0.3928837409284872,4.40393645401016e-09,2.9712702005918747,-4.363628915318349e-08,4.19486769656067e-13,0.002830214630110429,-4.1564736838968e-12
1.7054399999999998,6.090666023435226,-6.044775700224591e-09,412.5180066221283,0.005798166371463313,-5.75447989648805e-12,0.3927071398130063,-4.691725363498595e-09,2.9765128317787886,-1.965419050259066e-08,-4.466408783884676e-13,0.0028335680431406845,-1.8710312795345273e-12
1.7183599999999999,6.087920164153548,1.0053167120172509e-07,412.57149447613966,0.0057921814685255235,9.564804846869975e-11,0.3925296160776501,9.818366221889247e-09,2.982514785119604,5.7471587428408636e-08,9.341410095434607e-13,0.002837630324013139,5.467973539299143e-12
1.73128,6.085194557207181,2.073364097967153e-10,412.6252124781741,0.005786203169156278,1.9714909361876516e-13,0.3923511877343752,-3.970011726039459e-09,2.9892289935024428,-1.2321452705143388e-08,-3.774948231292025e-13,0.0028423555094146155,-1.1716047534859864e-12
1.7442,6.082488439724436,-4.81033240547726e-10,412.6791658407282,0.005780230938165742,-4.571292238125581e-13,0.3921718726747102,1.5806080431111718e-09,2.996608565335659,-1.6209778795323382e-08,1.5020627827644044e-13,0.0028476978970979113,-1.5404265182260846e-12
1.7571199999999998,6.079801184690098,5.274750112500386e-09,412.73336079770917,0.005774264370391443,5.009670663907037e-12,0.3919916897492442,-7.964353002655484e-09,3.0046081487542287,1.4838161774457234e-08,-7.564109150848457e-13,0.0028536133424934803,1.4092478726460191e-12
1.7700399999999998,6.07713210826978,8.532557685528664e-09,412.7878018338095,0.005768303007441739,8.098948201509164e-12,0.39181065613384314,-1.1002283996858869e-08,3.0131903076286037,4.8507258598979417e-08,-1.0443167391646207e-12,0.0028600653077520337,4.60422055460154e-12
1.7829599999999999,6.074480579897369,1.916014218842856e-09,412.84249140675877,0.0057623464423187925,1.8175607892992703e-12,0.3916287870716934,-9.359336212632303e-09,3.0223230390097244,1.0578355786978407e-08,-8.878411416081669e-13,0.0028670224856772947,1.0034792281072257e-12
1.79588,6.071845944399811,1.0701248289719385e-07,412.897432041775,0.005756394245450269,1.0145284422258887e-10,0.3914460978639683,-4.076936717703754e-09,3.0319669711259913,9.26766003728333e-08,-3.865126894811987e-13,0.002874446648482968,8.786175636852485e-12
1.8088,6.06922765794398,-7.872643405593616e-09,412.95262542031594,0.005750446093609472,-7.45913880142903e-12,0.3912626030077894,7.611157792472982e-09,3.042089999150635,-2.9073987615905603e-08,7.211387521159209e-13,0.002882306536833764,-2.7546898540327868e-12
1.8217199999999998,6.066625225364032,1.17575972446077e-09,413.00807690306283,0.005744501710288959,1.1133296515194709e-12,0.39107832048260954,-3.4608824337067423e-09,3.0526543311351415,7.2488776112376175e-09,-3.277117725422773e-13,0.0028905655738894866,6.863979278187756e-13
1.8346399999999998,6.064038133660571,-2.25957046237555e-09,413.06379182487075,0.005738560802644543,-2.13829171261731e-12,0.3908932682332979,-5.848738900104531e-09,3.0636251721081367,-1.3623086521647833e-08,-5.534817403396115e-13,0.00289919010058108,-1.289188962882919e-12
1.8475599999999999,6.061465838994952,1.0953264932846524e-07,413.1197697054831,0.005732623049242877,1.0359035369720247e-10,0.3907074586935627,6.123202928433601e-09,3.074979424886538,1.0990518508929284e-07,5.79101081736859e-13,0.002908157596739836,1.0394267888485734e-11
1.86048,6.058907844953197,9.67365009075046e-08,413.1760039363261,0.005726688174125397,9.14322828353823e-11,0.39052089850573135,1.7959030582295654e-08,3.086701382299186,3.6698194569217156e-08,1.6974308024845574e-12,0.0029174525765056935,3.468597348387499e-12
1.8734,6.05636387717858,9.709142840031593e-08,413.23249290045817,0.005720756111687618,9.17111972922512e-11,0.3903335990454889,1.1622121337428393e-08,3.0987667865506023,5.4531307992012723e-08,1.0978092304262663e-12,0.0029270515101731966,5.15095063308773e-12
1.8863199999999998,6.0538338341676265,-1.1586167322863067e-07,413.28924870697756,0.005714826959663331,-1.0937356919538266e-10,0.3901455846573274,3.639729000429574e-09,3.1111360343985033,-1.450564890617318e-07,3.4359088781272033e-13,0.0029369164353691317,-1.3693351305504967e-11
1.8992399999999998,6.051317253623996,-1.0784344903990333e-07,413.3462797561375,0.005708900475093584,-1.0174107415884128e-10,0.38995687616027347,-1.0774594488462095e-08,3.1237679097747315,-8.557501383097237e-08,-1.01649087324391e-12,0.002947007958228452,-8.073270936558534e-12
1.9121599999999999,6.048813671409452,-3.25509529950601e-10,413.4035844587045,0.005702976413807046,-3.0689871975261833e-13,0.3897674849359217,1.983781965547601e-09,3.1366503968479327,-1.6126982102398472e-08,1.8703604333405706e-13,0.0029573143104297474,-1.5204931669590711e-12
1.92508,6.046322597458126,-2.476127080309005e-10,413.46116091362535,0.005697054507725259,-2.333092671983038e-13,0.38957742207512125,-4.3293833283303e-09,3.149763250513703,-3.343305429221613e-10,-4.0792948786265177e-13,0.0029678159964786318,-3.1501781387345553e-14
1.938,6.043843694413038,4.119852695753108e-10,413.51901145893925,0.00569113463320097,3.879424675088982e-13,0.38938670266679576,-7.724973646063339e-09,3.1630825299941296,1.5555946753368074e-08,-7.274156526965824e-13,0.002978490087485758,1.464812655597989e-12
1.95092,6.041376610226536,1.0657178262413032e-07,413.5771379274631,0.0056852166530373316,1.0028900901376867e-10,0.38919534132015715,4.2287851130784215e-09,3.176585916152744,8.072903824338643e-08,3.9794836670657914e-13,0.0029893152364885,7.596978341460792e-12
1.9638399999999998,6.03892097325188,-1.0080037735773462e-08,413.63553914152385,0.005679300411908175,-9.479766785886769e-12,0.38900334980891865,4.2824067072220474e-09,3.190256553863455,-4.077496574335529e-08,4.027387389901201e-13,0.0030002752877047404,-3.834679751026453e-12
1.9767599999999999,6.036476466011926,-1.0984855606375476e-07,413.69421397681214,0.005673385805760665,-1.0324122727295987e-10,0.38881073996002297,1.772455435083768e-09,3.2040777181411584,-1.112955551037559e-07,1.6658432387447207e-13,0.0030113542476320745,-1.0460119013551956e-11
1.98968,6.034042818381206,6.378269698632747e-09,413.7531614325584,0.005667472775260031,5.990787761755549e-12,0.38861752371950936,-1.1660849209594267e-08,3.2180332715720943,2.1078549521271796e-08,-1.0952448867361155e-12,0.0030225367146812323,1.979802085425492e-12
2.0025999999999997,6.031619792173505,9.63749201259163e-08,413.8123810984742,0.005661561291187267,9.046202115295014e-11,0.3884237135903611,8.381342057972562e-09,3.232106712847923,5.13345427595769e-08,7.867120839610823e-13,0.0030338069846826874,4.818501003089384e-12
2.01552,6.029207164687342,-1.0770441106090457e-07,413.8718732983703,0.005655651338911552,-1.0103129316752765e-10,0.3882293227652168,-1.3246523422883885e-08,3.2462808635418416,-8.738027772889511e-08,-1.242579926119382e-12,0.00304514875851433,-8.196639644866412e-12
2.02844,6.02680470568194,2.962742704526734e-09,413.9316387636281,0.005649742896757917,2.7773812770206976e-12,0.38803436481746023,-4.77911723224213e-09,3.260538673277592,2.661489534327739e-09,-4.4801159078835887e-13,0.0030565458992868055,2.4949757501163724e-13
2.04136,6.0244121636816566,1.072036739712593e-07,413.99167768337725,0.005643835923193055,1.0043136654971425e-10,0.3878388528092533,5.607960036830882e-09,3.274864489333748,9.893534687378293e-08,5.253692053558781e-13,0.0030679836216909546,9.268536905990611e-12
2.05428,6.022029285900878,6.78245282379855e-09,414.051989218849,0.005637930375539398,6.349852347195348e-12,0.38764279883774116,-5.620346817069546e-09,3.289244979694403,3.800357161413526e-08,-5.261868140563562e-13,0.0030794493522353136,3.557961620744047e-12
2.0671999999999997,6.01965584102409,1.117518718691762e-09,414.1125726716567,0.005632026231295227,1.0455572384624384e-12,0.387446215130987,-2.0200606705441984e-09,3.303667575822371,6.073398387453669e-09,-1.8899809201346705e-13,0.0030909312654900413,5.682308081158674e-13
2.08012,6.017291609145158,-1.1563123926658417e-07,414.17342767420814,0.005626123478662716,-1.0811435980863425e-10,0.387249114225181,-1.6797651867730972e-09,3.318119843149191,-1.3144887931166115e-07,-1.5705681176530134e-13,0.0031024176933998364,-1.229037371257302e-11
2.09304,6.014936369277347,-3.831404142840843e-09,414.2345534415099,0.005620222104838344,-3.579978396138943e-12,0.38705150826383855,-5.932343625376304e-09,3.332590238124827,-7.831600248784583e-09,-5.543049290950761e-13,0.0031138978324600133,-7.317672229966536e-13
2.10596,6.01258990384175,-1.027981043625564e-07,414.29594790223587,0.00561432210020109,-9.598886310418631e-11,0.38685340818689273,-8.782836918064578e-09,3.3470694562886334,-6.066345512846232e-08,-8.201070786491781e-13,0.0031253629999515612,-5.6645169926634545e-12
2.11888,6.010252038416226,-1.1266642554733594e-09,414.3576096609233,0.005608423495399272,-1.0513386529275068e-12,0.38665482556571396,1.2337346130756826e-09,3.3615484724997486,-1.99253845340905e-08,1.1512505876349753e-13,0.003136804798465509,-1.8593229378997208e-12
2.1317999999999997,6.007840749388574,1.0870985600564614e-07,414.41751077014095,0.005602450011503119,1.0137444706591425e-10,0.38645388332198355,-1.5635049530935614e-09,3.3788267315765825,1.2087344125428822e-07,-1.4580044158686577e-13,0.0031508338271307827,1.12717270745638e-11
2.14472,6.005570878159713,-9.453100981492638e-08,414.4812020653626,0.0055966021769107595,-8.809361608565461e-11,0.3862557689900112,-1.5432028087063454e-08,3.3910275854833545,-4.304867159075429e-08,-1.438113440643843e-12,0.0031601046348313316,-4.0117133579107616e-12
2.15764,6.0031810007285955,-1.0530152879526047e-07,414.54165295476434,0.005590636505581701,-9.806510430135223e-11,0.38605394336965826,-9.1404395073354e-09,3.4082134439681724,-7.527734890265662e-08,-8.512299525962731e-13,0.0031739976682945655,-7.010421554298048e-12
2.17056,6.000846802072836,-1.086482741011441e-07,414.60380414969853,0.005584716920524259,-1.0111403853016617e-10,0.38585302320144843,1.8918814810414025e-09,3.4232093238678605,-1.0686522270067016e-07,1.760688594007899e-13,0.0031858262115436035,-9.94546331737502e-12
2.18348,5.998526210395614,-3.4404516479471194e-09,414.66628651330313,0.005578804396236386,-3.1997204155485813e-12,0.38565174528409096,9.760973844196631e-09,3.438040893855562,-1.7633619384600715e-08,9.077990473590206e-13,0.0031974783439042303,-1.6399780528404434e-12
2.1963999999999997,5.9962166954463605,1.1135152517119396e-07,414.7290481713589,0.00557289676189383,1.0349034826071978e-10,0.3854500741063406,2.3139253940926337e-09,3.452783749527693,1.3758171804737625e-07,2.1505672644878978e-13,0.003209024682492756,1.278687462353189e-11
2.20932,5.993917551768806,-4.6955220117277255e-09,414.7920860259478,0.005566993547151984,-4.3610777949530595e-12,0.385248019575233,5.5354117310723045e-09,3.467434852379331,-2.5776218726609134e-08,5.141145356364673e-13,0.003220462624259697,-2.394027646887893e-12
2.2222399999999998,5.991628295413481,1.0347172322418906e-07,414.8553996827857,0.005561094488380751,9.60366700594178e-11,0.38504559410285044,8.298590263888455e-09,3.481988329000418,7.88902482952174e-08,7.702287642437189e-13,0.0032317869451002124,7.322151898463968e-12
2.23516,5.989348484166875,1.1568870281980815e-07,414.91898672564685,0.005555199361233494,1.0730279089711814e-10,0.38484280821448713,-1.4431957422909433e-09,3.4964387330720736,1.3414399573278638e-07,-1.338583000622438e-13,0.0032429928343459626,1.2442031739813535e-11
2.24808,5.987077772735319,1.0918886419785677e-07,414.98284588016304,0.005549308031689904,1.0120507266893857e-10,0.3846396734886927,-8.425501223966146e-10,3.510781178626181,1.1221673666797746e-07,-7.809436153659176e-14,0.003254076016980665,1.0401154982777743e-11
2.2609999999999997,5.9848158399456715,4.021726426598954e-09,415.0469749854113,0.005543420388320275,3.725113832351016e-12,0.38443620067441703,-5.333669551272311e-09,3.525013130775813,2.2850028121538155e-08,-4.940297801269417e-13,0.0032650344105520064,2.1164780195438076e-12
2.27392,5.98256236046452,1.030819722905039e-08,415.111371749073,0.0055375363160266,9.541399331807237e-12,0.38423240039199963,-1.3414255679313631e-08,3.539128384080175,5.735622207779777e-08,-1.2416406800462942e-12,0.003275862544022492,5.308965349108882e-12
2.2868399999999998,5.98031706156231,-1.1119513891582893e-07,415.1760332756912,0.005531655748567286,-1.0285294626766742e-10,0.3840282826972503,1.1456826489245005e-09,3.5531234973184738,-1.0985300983793232e-07,1.0597301022199285e-13,0.0032865575214462983,-1.0161150773645908e-11
2.29976,5.978079690983577,2.4117577672411973e-09,415.2409568625117,0.005525778638690212,2.229284358991865e-12,0.3838238578185683,1.782401948093368e-10,3.5669936507214386,1.3786885984855661e-08,1.647545552995742e-14,0.003297115183865536,1.2743771245484751e-12
2.31268,5.975850054652049,2.144298702913985e-09,415.30613892549525,0.005519904992900169,1.9806931245321295e-12,0.38361913516426294,-3.641397291485347e-09,3.5807400061617685,1.1802823085865748e-08,-3.363566171603594e-13,0.0033075369123264572,1.0902291972883378e-12
2.3255999999999997,5.973627911723742,1.0867339547286047e-07,415.3715770968128,0.005514034774384559,1.0031238814050698e-10,0.38341412526008434,2.9969253057442702e-09,3.59435424105252,1.1023323951106524e-07,2.766350799934325e-13,0.0033178153325758714,1.0175222242486158e-11
2.33852,5.971413107187399,-6.952145306520863e-09,415.4372681708989,0.005508168025486999,-6.412817837008505e-12,0.38320883785118437,4.8719839890370705e-09,3.6078382925386974,-3.97975884683978e-08,4.49402946126742e-13,0.0033279525578576935,-3.671020583541072e-12
2.3514399999999998,5.969205426411779,7.892639609762542e-09,415.50320988128465,0.005502304733337938,7.275291296086668e-12,0.3830032835410725,-7.829683412405745e-09,3.6211843759016995,4.424754737219492e-08,-7.217259421161317e-13,0.0033379417373797064,4.078658245993286e-12
2.36436,5.9670047031440845,-6.2842748287050476e-09,415.56939740091286,0.005496444929523229,-5.7886950381933116e-12,0.38279747056437274,6.417437037347193e-09,3.6343939043402678,-3.547990379352624e-08,5.911356035277758e-13,0.003347784515215059,-3.268194798022272e-12
2.37728,5.964810815629271,-1.3067702488261251e-09,415.63582862816105,0.005490588686365445,-1.2028777048692941e-12,0.38259140966118876,-4.1652530861045486e-10,3.647464423786786,-7.802385583981856e-09,-3.834101730517617e-14,0.003357478974301957,-7.182070201090217e-13
2.3901999999999997,5.96262359524426,-9.602720681338963e-08,415.70250034363147,0.0054847360327149545,-8.833089543845228e-11,0.3823851105313675,-1.69250428408409e-08,3.660393067176547,-4.007877664641656e-08,-1.5568548113358072e-12,0.0033670228262364077,-3.6866575075284544e-12
2.40312,5.960442923617215,-2.9730768744906996e-09,415.7694094745137,0.0054788870433778915,-2.7328761596005908e-12,0.38217858300040025,-4.949629641587949e-10,3.67317872739974,-3.765872626488234e-09,-4.5497393499672983e-14,0.003376415409972336,-3.4616203870561405e-13
2.4160399999999997,5.958268677274436,-7.938895613917819e-10,415.83655297080145,0.005473041788099434,-7.292371291018612e-13,0.38197183690439235,-1.5015135008614414e-09,3.685814983831472,8.951457282215943e-09,-1.3792338984232136e-13,0.0033856511886839746,8.222472403236055e-13
2.42896,5.956100889399135,-1.0506744829765981e-07,415.90392719057854,0.005467200480089309,-9.644309497797537e-11,0.3817648815275104,-1.0776025372246017e-08,3.698298345470876,-7.769375176939298e-08,-9.89148642419008e-13,0.0033947273334236023,-7.131634014621542e-12
2.44188,5.953939376017413,-1.095854648200317e-07,415.97153145209217,0.005461363132573504,-1.0051933344245416e-10,0.38155772885819716,5.337051058856307e-10,3.7106125034680564,-1.1649497497805025e-07,4.8955106944667975e-14,0.0034036292689399146,-1.0685721188863778e-11
2.4547999999999996,5.951784103034242,-3.5055982998875426e-09,416.03936297121373,0.005455529895954651,-3.21330478343365e-12,0.3813503889407338,4.957320991214418e-09,3.7227529122884526,-5.9228171938197275e-09,4.5439841908288053e-13,0.003412353246800063,-5.428978220612021e-13
2.46772,5.949635000256752,3.325903241732188e-09,416.1074180878168,0.005449700886958745,3.0464352595788975e-12,0.3811428710039237,-2.638337610024707e-09,3.7347163960336447,1.6761352689242773e-08,-2.4166441828495e-13,0.003420896786966864,1.5352934862937437e-12
2.4806399999999997,5.947491902279964,3.389551110626259e-09,416.17569385294047,0.005443876134613306,3.1025340935927386e-12,0.3809351849144406,-1.5098611435531577e-09,3.7464925634584234,1.9332279222406315e-08,-1.382010632552195e-13,0.003429250815272059,1.769527982815644e-12
2.49356,5.9453546568593865,-2.8808395387684366e-09,416.24418644793377,0.005438055679673404,-2.635026288625649e-12,0.3807273397277765,1.4618413180077155e-09,3.7580830391326856,-3.266252226639103e-09,1.3371068575364768e-13,0.0034374172770435516,-2.987552887501488e-13
2.50648,5.943223109666654,4.959925623842021e-10,416.3128889906676,0.005432239560626414,4.533483548308267e-13,0.3805193416843848,-3.6005198878258487e-10,3.769493546390757,1.8957651044536716e-09,-3.290956138203397e-14,0.003445401861647146,1.7327719333501372e-13
2.5193999999999996,5.941097239278122,1.1338423915836467e-07,416.38179875270185,0.005426427937024281,1.0356191427392824e-10,0.38031120081357594,-4.663663129619458e-09,3.7807290109173803,1.3825215749164535e-07,-4.259656234563175e-13,0.0034532095168422197,1.2627555812530358e-11
2.53232,5.938976932558493,4.392801183620452e-09,416.4509106804021,0.005420620884000278,4.009395912055875e-12,0.380102925003723,-6.054863825024664e-09,3.791794484679605,2.3929151021811354e-08,-5.52639312669754e-13,0.00346084529455089,2.184060609060964e-12
2.5452399999999997,5.936862134846155,5.129950808562086e-09,416.52022074923656,0.005414818529553814,4.678860998112326e-12,0.3798945230695097,-1.7276752008416568e-09,3.8026912070944654,2.850609878533499e-08,-1.5757562628343622e-13,0.0034683107578815375,2.5999483970183733e-12
2.55816,5.934752826119688,1.1675178869916695e-07,416.58972502136066,0.005409021032635515,1.0640929777095919e-10,0.3796860038893458,-2.384083457463768e-09,3.813423997563286,1.5839710968638763e-07,-2.1728887356900097e-13,0.0034756107311487267,1.4436545596837072e-11
2.57108,5.932648951301829,-1.0334868135685752e-07,416.6594198948532,0.005403228519540991,-9.412600461414305e-11,0.37947737663076475,-4.104845357541822e-09,3.823992322330226,-8.354870712547315e-08,-3.7385352961611653e-13,0.003482745152144309,-7.609294950986003e-12
