Time (s),X Position of the First Airplane's CG in Earth Axes Relative to the Earth Origin (m),Y Position of the First Airplane's CG in Earth Axes Relative to the Earth Origin (m),Z Position of the First Airplane's CG in Earth Axes Relative to the Earth Origin (m),X Velocity of the First Airplane's CG in Earth Axes Observed from the Earth Frame (m/s),Y Velocity of the First Airplane's CG in Earth Axes Observed from the Earth Frame (m/s),Z Velocity of the First Airplane's CG in Earth Axes Observed from the Earth Frame (m/s),"Roll Angle of the First Airplane's Body Axes Relative to Earth Axes Using an Intrinsic zy'x"" Sequence (deg)","Pitch Angle of the First Airplane's Body Axes Relative to Earth Axes Using an Intrinsic zy'x"" Sequence (deg)","Yaw Angle of the First Airplane's Body Axes Relative to Earth Axes Using an Intrinsic zy'x"" Sequence (deg)",Roll Rate in the First Airplane's Body Axes Observed from the Earth Frame (deg/s),Pitch Rate in the First Airplane's Body Axes Observed from the Earth Frame (deg/s),Yaw Rate in the First Airplane's Body Axes Observed from the Earth Frame (deg/s),Angle of Attack (deg),Sideslip Angle (deg)
0.0,0.0,0.0,0.0,12.9,-0.0,-0.0,0.0,3.3,0.0,0.0,0.0,0.0,3.3,0.0
0.01292,0.16666799999999998,0.0,0.0,12.9,-0.0,-0.0,0.0,3.3000000000000003,0.0,0.0,0.0,0.0,3.3,-0.0
0.02584,0.33333599999999997,0.0,0.0,12.9,-0.0,-0.0,0.0,3.3000000000000003,0.0,0.0,0.0,0.0,3.3,-0.0
0.038759999999999996,0.5000039999999999,0.0,0.0,12.9,-0.0,-0.0,0.0,3.3000000000000003,0.0,0.0,0.0,0.0,3.3,-0.0
0.05168,0.6666719999999999,0.0,0.0,12.9,-0.0,-0.0,0.0,3.3000000000000003,0.0,0.0,0.0,0.0,3.3,-0.0
0.06459999999999999,0.83334,0.0,0.0,12.9,-0.0,-0.0,0.0,3.3000000000000003,0.0,0.0,0.0,0.0,3.3,-0.0
0.07751999999999999,0.9999872140140936,6.4577414332665025e-18,0.00014149514570014943,12.89678235512286,9.996503766666413e-16,0.021903273328196637,1.978793400590261e-14,3.2991249621868173,1.4968220176423422e-15,3.049809169338677e-12,-0.13545476984261648,2.3135654503785e-13,3.3964332580133414,4.116582853933937e-15
0.09043999999999999,1.1665938890553749,3.3416000031254664e-17,0.000548120493716452,12.893724617211701,3.1734546694615577e-15,0.04104182698392467,6.712386428204662e-14,3.296484876584861,4.8675807221249e-15,4.247716759325254e-12,-0.27322721188434856,2.8988300304577175e-13,3.4788616216791324,1.3307332618586678e-14
0.10336,1.3331621089179762,6.118532536140932e-17,0.0011864165536301747,12.890829541085731,1.1252025023890082e-15,0.057765612631202834,1.5278030500091045e-13,3.2920556605382245,1.1302134182639174e-14,8.954549862156826e-12,-0.4124099470377134,7.05886200769789e-13,3.548804354692921,3.156014852484913e-15
0.11628,1.4996939618704173,6.085388231829946e-17,0.002027101499517952,12.888095064555305,-1.1765094750066355e-15,0.07237137589631715,2.7894832202334894e-13,3.2858232589215737,2.144385147219035e-14,1.0486023238782076e-11,-0.5523581050753636,8.651301806540297e-13,3.607556672023967,-9.121736346296287e-15
0.12919999999999998,1.6661914964063047,7.461813711968686e-17,0.0030445199310005114,12.885517092702829,3.3071990727446226e-15,0.08512373733627743,4.2535115640078846e-13,3.2777810125648026,3.2843052322648914e-14,1.2075929360809177e-11,-0.6925716715145802,9.042792731505729e-13,3.656280369863065,8.987883899392511e-15
0.14212,1.8326567007746803,1.159133667898352e-16,0.004216265253260495,12.883090394661826,3.0852513405910354e-15,0.09626098747176959,5.734500354654303e-13,3.2679279398436956,4.371712297191014e-14,1.0753474632273249e-11,-0.8326717837652541,7.89631411307366e-13,3.6960275269323524,6.971325345358415e-15
0.15503999999999998,1.9990914914431588,1.7882191235453764e-16,0.005522858052297614,12.88080908962276,6.652913607505315e-15,0.10599795974759862,6.915460452146376e-13,3.256267195809371,5.162487458183866e-14,7.457989791183221e-12,-0.9723969521982792,4.5248370108779236e-13,3.727751448333473,2.2930345781611208e-14
0.16796,2.165497706819286,2.4770792230538423e-16,0.0069474557937312265,12.87866697479323,4.010555425133477e-15,0.11452800641859551,8.213258921858906e-13,3.2428045298107926,6.031147022360901e-14,1.2555553429845581e-11,-1.1116070723494293,9.176140874539526e-13,3.7523136618798403,1.1283109385506458e-14
0.18087999999999999,2.3318771046330324,3.153029163446909e-16,0.008475585303315698,12.876657764176787,6.453065943180252e-15,0.12202454924463535,9.82041838713639e-13,3.2275466540642324,7.151956308264509e-14,1.2225128403075797e-11,-1.250293198015932,8.518699296660345e-13,3.770488970594679,2.1774853824197556e-14
0.1938,2.4982313620177687,3.8263320659737897e-16,0.01009489342615514,12.87477526751611,3.969579606771461e-15,0.12864234283577336,1.1444176807941948e-12,3.2104994426501454,8.280042039696691e-14,1.2812384783429284e-11,-1.3885940177869924,9.406885862509026e-13,3.782969088611071,1.0373989054040136e-14
0.20672,2.664562077634139,3.9855016761056946e-16,0.011794912293990021,12.873013527587688,-1.5056537533363965e-15,0.13451847261854277,1.3042152016144713e-12,3.191665856962511,9.473183256464914e-14,1.1820937801127372e-11,-1.52682172333279,9.657773808072755e-13,3.7903648496010307,-1.5211139644021924e-14
0.21963999999999997,2.83087077537174,3.5257872414319247e-16,0.013566835231715806,12.871366927149275,-5.610668764833413e-15,0.13977300380959734,1.4570821586174797e-12,3.1710434461845862,1.072783619913343e-13,1.1734923074462763e-11,-1.6655019265008033,1.0504198352377753e-12,3.793206460029515,-3.585184151908171e-14
0.23256,2.997158909344144,2.9287673508279454e-16,0.01540329794580588,12.869830282201193,-3.631125207364417e-15,0.14450915007431486,1.657178151833047e-12,3.1486211914800717,1.2400929321158854e-13,1.9096939856820123e-11,-1.8054353342599792,1.6300071986339549e-12,3.791940976984302,-3.057094968675673e-14
0.24547999999999998,3.1634278701786287,2.7669383828847295e-16,0.01729815691553863,12.868398949143184,1.126032824342489e-15,0.14881267186573943,1.9018242500759246e-12,3.1243753490333406,1.4365511067988912e-13,1.8607466675454035e-11,-1.9477910506829488,1.5233058474898269e-12,3.78692536964781,-1.302397291283936e-14
0.25839999999999996,3.3296789931031796,3.541465503642792e-16,0.019246258077483813,12.867068995833735,1.086355108832101e-14,0.15275097549419614,2.1552843162247133e-12,3.0982637191612734,1.6245760489592851e-13,2.0469837598536254e-11,-2.0942569171293197,1.526243002569723e-12,3.778416682185613,2.795372406650217e-14
0.27132,3.495913569356077,5.216406873998295e-16,0.021243180886691804,12.865837544862512,1.506433390170227e-14,0.15637020240177713,2.4390771075221265e-12,3.07021779566091,1.8221434546487963e-13,2.3296298229399652e-11,-2.2472173089332137,1.7018677703848775e-12,3.766551127720073,4.5106899445159415e-14
0.28424,3.662132865012119,7.077819243574787e-16,0.023284969819512568,12.86470357836374,1.3750099063878112e-14,0.15969619586769113,2.704107124923041e-12,3.0401330447074075,2.0015020092255725e-13,1.7581972702766574e-11,-2.4098648820114117,1.2798151829492955e-12,3.751338555862689,3.801968950267811e-14
0.29716,3.828338155074459,-4.872252973638689e-15,0.02536803255729449,12.863669496301894,-8.775325910137494e-13,0.16275933629669348,2.871141031745809e-12,3.007864188389421,2.5546335668875305e-13,7.82313547641975e-12,-2.5853141145809655,7.513768065611852e-12,3.732768187470616,-3.97680821530307e-12
0.31007999999999997,3.99453076910022,-2.0744377739611397e-14,0.027490215248005746,12.862741343599183,-1.5794526668767635e-12,0.16575191613538975,3.111725593347197e-12,2.9732703175693715,3.7343105370925645e-13,2.8469147282222036e-11,-2.7697742476556915,1.1002659699806574e-11,3.7115545894324877,-7.206894988431775e-12
0.32299999999999995,4.16071207315598,1.4410776219125448e-13,0.02965774842211183,12.86191872695191,2.7098359776917928e-11,0.16977953496462328,3.0469950085754834e-12,2.9365152421904677,-1.258052550736536e-13,-3.450587935367104e-11,-2.9198659038774366,-8.787517597488508e-11,3.692785443400215,1.2102614668084402e-10
0.33592,4.326883285897416,2.747714925030013e-13,0.031894630078888875,12.861179220638803,-6.8717761373286405e-12,0.17648697537238056,2.73436064038447e-12,2.8985062181346986,1.9757641684524506e-14,-1.507515307853135e-11,-2.963883949956888,1.1066966000563414e-10,3.6846957278634123,-3.045449729410532e-11
0.34884,4.493045670865837,1.88053102080888e-13,0.03422203945968404,12.860552198621383,-6.552123308818928e-12,0.1837931145339914,2.633281160403452e-12,2.860110516636934,1.3983515340519617e-12,-1.1202347287848866e-11,-2.979723093040726,1.027560882944811e-10,3.678881963847234,-3.0417003323923015e-11
0.36175999999999997,4.659200558386054,-9.794114460030384e-14,0.036647744976446364,12.86001862494158,-3.771943190498787e-11,0.19170309549113618,2.8858109300273016e-12,2.8217123535908466,3.6443925731311436e-12,3.305727905318991e-11,-2.964264994588851,2.447868041195344e-10,3.6757519261675458,-1.7149327407114874e-10
0.37467999999999996,4.825349233234094,-5.9661000508629e-13,0.03917676642248485,12.859590484662125,-3.947389015166636e-11,0.19978629244051715,3.280008017894208e-12,2.7836201642017193,6.973928722276077e-12,2.825588620247174e-12,-2.932358749858128,2.703314044594201e-10,3.673694427547199,-1.8261723328594226e-10
0.3876,4.991492947478937,-1.2977194923226627e-12,0.041809919437476556,12.859250729709807,-6.905699022548114e-11,0.20782253340959211,3.952618337767542e-12,2.745988885808329,1.1219346167333655e-11,6.960751759522074e-11,-2.892916543236483,3.864576730226597e-10,3.671884008087311,-3.1861544371775575e-10
0.40052,5.157632763483241,-2.1780130682707606e-12,0.04454915525053647,12.858987041854258,-6.72113651844412e-11,0.21620777820958936,5.349804345433202e-12,2.7090441844584445,1.6058361716830985e-11,1.1107935061594139e-10,-2.8260774737734513,3.622394912147847e-10,3.672310264052481,-3.151447478038359e-10
0.41344,5.323769893667051,-2.8229343846917865e-12,0.04739427763875696,12.858834968023455,-3.26216559333647e-11,0.2242136441155651,7.003484657387816e-12,2.67292795820663,1.9340486282200874e-11,1.210438105360741e-10,-2.7646696240305606,1.4587081795756292e-10,3.67186712078395,-1.6422094473023135e-10
0.42635999999999996,5.489905779167399,-3.028910921072174e-12,0.05034034887682393,12.858794366395863,7.367431809827011e-13,0.23183453515176766,8.469933748110737e-12,2.6375599211998138,2.004273652986428e-11,1.0083092648221481e-10,-2.710258705197938,-3.6553383916995664e-11,3.6704484692998234,-1.6215033123611856e-11
0.43927999999999995,5.6560417604560955,-3.022250867743099e-12,0.05338337596649835,12.858849795941063,2.942248266140813e-13,0.23922228987523197,9.512051976355327e-12,2.6028879309503563,1.9739025067774556e-11,6.256010839580335e-11,-2.656922447968802,-9.580270700927965e-12,3.6686789515726357,-1.781619999513884e-11
0.4522,5.82217903085389,-3.0088763651719843e-12,0.05652064656060911,12.858993918887784,1.7761316085429628e-12,0.24642331292829123,1.023532341945133e-11,2.5689089558881055,1.9466614929437238e-11,5.131734861667587e-11,-2.6029808124415923,-3.163832422595245e-11,3.6667621720817962,-1.089600637802056e-11
0.46512,5.988318707680879,-2.7737387072271565e-12,0.05974981722460493,12.859222308200167,3.46228866491703e-11,0.2534483068853033,1.0475713470970146e-11,2.5356321863493476,1.796300681970554e-11,-3.748610170924881e-12,-2.5482219025364223,-1.9995780546966345e-10,3.6647547758112595,1.3694646693625825e-10
0.47803999999999996,6.15446185792606,-2.3232254289127874e-12,0.06306861432764711,12.859531599722686,3.511601092271345e-11,0.2602973747001741,1.0326325574007287e-11,2.50306656617823,1.529843091884132e-11,-1.3107582045408786e-12,-2.492895771011123,-2.112112595456408e-10,3.662665927714748,1.417920856952926e-10
0.49095999999999995,6.320609508159514,-2.0751144833466133e-12,0.066474744089356,12.859918900811927,3.2912561927934055e-12,0.2669672942950082,1.0590466740311076e-11,2.4712168683251616,1.3456674041003398e-11,5.4565854501908596e-11,-2.43739801429361,-7.272263787361284e-11,3.6604858340014985,1.882989773283031e-12
0.50388,6.486762648907028,-2.0320633347484027e-12,0.06996587383839928,12.860381524499916,3.3730082960936798e-12,0.2734552674763965,1.0947315804554062e-11,2.440082759919734,1.2583977122391825e-11,6.5120583741605146e-12,-2.3821234106950957,-6.13320858742486e-11,3.6582015237378385,3.1414374402218824e-12
0.5167999999999999,6.652922236739433,-2.2068690548417245e-12,0.0735396450870514,12.860916901568828,-3.0432717288867965e-11,0.2797600960920421,1.1211492872242051e-11,2.409659108473022,1.2850261606873214e-11,3.264428786396015e-11,-2.3274201569073973,1.0342615030989056e-10,3.6558023969106728,-1.476789738405913e-10
0.52972,6.819089195690836,-2.7986283413756938e-12,0.07719369316851628,12.861522564592718,-6.11708874377527e-11,0.2858820217817787,1.1966722852567486e-11,2.3799365852906464,1.4822483312900136e-11,7.15668543540244e-11,-2.273589623646046,2.0254357666770663e-10,3.6532801110243747,-2.864943747914395e-10
0.54264,6.985264418567917,-3.582539350053268e-12,0.0809256622711849,12.862196147029778,-6.017756591790896e-11,0.29182217367776175,1.2984662834558842e-11,2.3509022302381317,1.727484811599332e-11,7.037539685475486e-11,-2.2208925826255554,1.7773974314311937e-10,3.6506266820261692,-2.844409102261789e-10
0.5555599999999999,7.151448768087736,-4.577516745829802e-12,0.08473322313689816,12.86293535758615,-9.384370277814885e-11,0.29758353308899643,1.4203904507556471e-11,2.3225399437011323,2.070673998351504e-11,9.669302050934956e-11,-2.1695542497273763,3.541113951567064e-10,3.6478392692798796,-4.3769664533551324e-10
0.56848,7.317643077951834,-5.5607940533057935e-12,0.0886140866769298,12.86373799598941,-5.836640673825851e-11,0.3031693368849415,1.567889167161314e-11,2.2948308866147875,2.390466623648489e-11,1.117523425636267e-10,-2.1197734726170374,1.4164862257455553e-10,3.644913460420904,-2.8279621919205693e-10
0.5813999999999999,7.483848153920603,-6.3007965063779805e-12,0.09256600952814466,12.864601937256689,-5.6185056585609524e-11,0.3085834264610119,1.7444640250947705e-11,2.2677537785989936,2.5392677367705144e-11,1.5234340845600972e-10,-2.071729316205582,8.971313058938335e-11,3.6418451209233322,-2.7443979564296604e-10
0.59432,7.650064774765912,-7.017899182951427e-12,0.09658680067553649,12.865525128580607,-5.482154969510983e-11,0.3138300638473206,1.967202297735434e-11,2.241285104270129,2.621654214436846e-11,1.874173511732945e-10,-2.0255886913585717,3.904640307488428e-11,3.6386297782272385,-2.690318957498959e-10
0.60724,7.816293693253962,-7.711838053499657e-12,0.10067432620660853,12.866505597123583,-5.259932809873385e-11,0.31891382641151006,2.2089549787031508e-11,2.215399240024549,2.6460721799607585e-11,1.8532560536214503e-10,-1.9815110370593758,1.8192662441752564e-13,3.635262275368818,-2.592099339419044e-10
0.6201599999999999,7.982535637390212,-8.180673602740393e-12,0.10482651402499749,12.86754148279128,-1.9975834322432852e-11,0.32383970584684174,2.413331665804629e-11,2.190068575296157,2.5562456513250496e-11,1.3637959478682147e-10,-1.9396444936514303,-1.375497909092677e-10,3.6317373255596994,-1.1294466331970746e-10
0.63308,8.148791312249665,-8.226112445455869e-12,0.10904136265274678,12.868631096071429,1.2941957741089834e-11,0.32861364210196486,2.5452101681156766e-11,2.165263807530354,2.2679851737796194e-11,8.468221934382829e-11,-1.9001028385162766,-3.066964259976425e-10,3.628052172354244,3.6541604528978065e-11
0.6459999999999999,8.315061402383604,-7.856226954849504e-12,0.1133169595155424,12.869772949429855,4.431585814224834e-11,0.3332434574020018,2.5935174021620652e-11,2.140954664245616,1.7884759969308115e-11,1.7934841148308927e-11,-1.8629224377588824,-4.3337371324396295e-10,3.624211457937544,1.809871989478004e-10
0.65892,8.481346574098765,-7.065843243338859e-12,0.1176515081457209,12.870965706167764,7.803456159624156e-11,0.3377393026875482,2.554825849561166e-11,2.1171110753732973,1.1301304464325381e-11,-4.000425925086883e-11,-1.828035592011792,-5.833809328944616e-10,3.6202303792507147,3.3757119075524747e-10
0.67184,8.647647477020401,-6.2840201706052094e-12,0.12204335247948091,12.872208120710852,4.299068186097975e-11,0.3421127613619887,2.4821629491584318e-11,2.0937043411819762,5.038891532126421e-12,-3.6905237220792544e-11,-1.795297874137,-3.83792131403826e-10,3.616131867318704,1.8781768213731733e-10
0.6847599999999999,8.813964745123993,-5.7146151033252084e-12,0.1264909878325473,12.873499016068035,4.515251740837028e-11,0.34637568338513114,2.4129387432233687e-11,2.070707864635453,-1.7664598712480285e-13,-4.0863574833163555e-11,-1.7645282166559804,-4.215053004909969e-10,3.611942130270412,2.0258324462951203e-10
0.69768,8.98029899754951,-5.133451724908712e-12,0.13099305976646175,12.874837272711847,4.4810853863533184e-11,0.35053947666354507,2.3210480559341933e-11,2.048097466430632,-5.600291154110773e-12,-7.122269869929709e-11,-1.7355334249572245,-4.1608143515529417e-10,3.6076878149991396,2.0640273409337462e-10
0.7106,9.146650839314324,-4.560999236335385e-12,0.13554835645048868,12.876221824008448,4.380408244812733e-11,0.35461480878953994,2.2003105955188635e-11,2.0258514766154185,-1.082349071547827e-11,-8.693642240542014e-11,-1.708118249224472,-3.9059375857366366e-10,3.6033947716780887,2.070449735262423e-10
0.7235199999999999,9.313020861922485,-4.229630416405107e-12,0.14015579814434553,12.8776516447472,7.491400513216146e-12,0.35861145960935503,2.081461050300874e-11,2.003950720979684,-1.4381094002008194e-11,-7.767207299219477e-11,-1.6820916015084189,-1.5851076751443672e-10,3.5990873857261514,4.900028252569698e-11
0.73644,9.479409643943471,-4.131328054115077e-12,0.14481442299246625,12.879125757882182,7.725683432608846e-12,0.36253789768487343,1.9837146411718102e-11,1.9823783336121525,-1.6591268684165333e-11,-6.167804097105826e-11,-1.6572872479546397,-1.8222156689092954e-10,3.5947865071788887,5.2184369237826074e-11
0.7493599999999999,9.645817751751157,-3.81903603042106e-12,0.14952336872825936,12.880643252595371,4.0616735095876715e-11,0.3664010707041516,1.862675244824713e-11,1.9611193525805037,-1.9876624321895154e-11,-1.0819814821516467e-10,-1.6335766888330818,-3.2494225486232926e-10,3.5905081144137685,2.016337220103226e-10
0.76228,9.812245740371388,-3.3091377064816254e-12,0.15428185483271242,12.882203283044193,3.831489399691506e-11,0.370206685403135,1.7100463202134404e-11,1.94016028341273,-2.3812660779423314e-11,-1.0736562171287061e-10,-1.6108612628346823,-2.8299188289872704e-10,3.586264124516386,1.9521414048020994e-10
0.7752,9.97869415427026,-2.8183880482861817e-12,0.15908916870866793,12.883805060434307,3.7652545352224855e-11,0.37395954926490127,1.5528542737678008e-11,1.9194887824556688,-2.7367437445082706e-11,-1.1742486538969161e-10,-1.5890614859363215,-2.660583724577838e-10,3.5820635982303344,1.957008679584592e-10
0.7881199999999999,10.145163528041543,-2.123007348391181e-12,0.1639446556146697,12.885447845337044,6.999152583895178e-11,0.3776638107972912,1.3449991038963891e-11,1.899093455329259,-3.153123707528857e-11,-1.8285344901794135e-10,-1.5681098958609163,-3.7733578327652603e-10,3.577913608441089,3.434442434561974e-10
0.80104,10.311654387019573,-1.4346019614209299e-12,0.1688477108600976,12.887130943831716,3.657277554963198e-11,0.3813230692999076,1.1150021078530055e-11,1.8789637177012573,-3.528570887504394e-11,-1.540467777708989e-10,-1.547948560486071,-2.0287108050283376e-10,3.5738195900808623,1.9849557959233538e-10
0.8139599999999999,10.478167247841501,-1.172350646706119e-12,0.17379777320640402,12.888853703525491,4.0234031987907405e-12,0.3849404518001613,9.44476192320009e-12,1.859089681697327,-3.6916753777940774e-11,-1.0164951317870563e-10,-1.5285276011130673,-4.8919457242389653e-11,3.569785569626024,5.536593262997743e-11
0.82688,10.644702618936078,-1.130381790558915e-12,0.1787943194311274,12.890615506161334,2.4733237589807968e-12,0.38851871611367184,8.121002743432702e-12,1.8394620721335129,-3.740733834735504e-11,-1.007809865758798e-10,-1.5098020527281415,-2.6511711056702588e-11,3.56581454073796,4.8883803083155654e-11
0.8398,10.811261000936119,-1.105779888208695e-12,0.1838368599436211,12.892415763194872,1.3350202580811473e-12,0.3920603105881414,6.866097656719777e-12,1.8200721737248546,-3.7681259011019114e-11,-9.211761147176468e-11,-1.491730208674093,-1.5475890515921886e-11,3.561908677893022,4.402070137962011e-11
0.8527199999999999,10.977842887052397,-1.0924094106023472e-12,0.18892493494428153,12.89425391424767,7.347131175144787e-13,0.39556739849242284,5.687969078610951e-12,1.8009117887307995,-3.776837764747522e-11,-8.982687962915734e-11,-1.474273660374662,2.322192384508842e-12,3.55806940297502,4.13667856052955e-11
0.86564,11.144448763429809,-1.076521527892286e-12,0.19405811088580494,12.896129425908919,1.7247114506064452e-12,0.39904188038116933,4.618318056189311e-12,1.781973194143387,-3.776666491363294e-11,-7.575800803432927e-11,-1.4573973283888997,-1.7928864209541633e-12,3.554297442358264,4.5693904651444797e-11
0.8785599999999999,11.311079109486132,-1.0486731910615298e-12,0.19923597720386632,12.89804179024001,2.58617660369021e-12,0.40248541343638367,3.88895871247461e-12,1.7632490983161748,-3.804943115128301e-11,-3.579325036665876e-11,-1.4410695179287387,-4.1742818243062655e-11,3.550592870034552,4.975450592320767e-11
0.8914799999999999,11.477734398228936,-1.2256189079958686e-12,0.2044581433543271,12.899990522887647,-2.9977154457303035e-11,0.4058994395761209,3.680972582025143e-12,1.744732598649502,-3.759078616419075e-11,1.413789990960601e-12,-1.425261699822524,1.1289567260007966e-10,3.546955190737493,-9.52788457886062e-11
0.9044,11.644415096549116,-1.8314685431491856e-12,0.20972423618363067,12.901975161350837,-6.380761878624447e-11,0.4092852089228849,4.100067223956886e-12,1.7264171421768084,-3.5170042759795783e-11,5.2145621589112657e-11,-1.4099482804705599,2.6185785450684947e-10,3.5433834053008315,-2.478120463560189e-10
0.9173199999999999,11.811121665489637,-2.4284721151218076e-12,0.2150338975482181,12.903995262878292,-2.860779483180846e-11,0.41264379488321895,4.9940304009538965e-12,1.7082964888982137,-3.3197421313741105e-11,7.711923296580734e-11,-1.3951064066183905,4.359168759232738e-11,3.5398760415586543,-9.34694282463852e-11
0.93024,11.977854560491922,-2.5734511341079152e-12,0.22038678223679495,12.906050403110092,6.16522223333976e-12,0.41597612594910716,5.906046675741105e-12,1.6903646772124092,-3.3997619126717104e-11,6.768485411553742e-11,-1.3807158357662128,-1.6714899215534144e-10,3.536431261381801,6.17002744967861e-11
0.9431599999999999,12.144614231622217,-2.4923394567502473e-12,0.22578255614991377,12.908140174335063,6.3907649737295586e-12,0.41928299372873157,6.629095610967218e-12,1.6726159913436658,-3.6067705635124995e-11,5.359976975558769e-11,-1.3667587569184958,-1.5286548042201916e-10,3.533046864260486,6.48091487571616e-11
0.9560799999999999,12.311401123777268,-2.1967058405298695e-12,0.23122089469596446,12.91026418403197,3.9372952707443466e-11,0.42256507841533847,6.86253854838103e-12,1.6550449325189613,-3.899938450410814e-11,-4.282932147630273e-12,-1.3532193893206346,-3.004429032692252e-10,3.529720371907144,2.140447344852732e-10
0.969,12.478215676875012,-1.894157039677883e-12,0.2367014814797422,12.912422054008882,7.461226991006498e-12,0.4258229686090803,6.88316931022324e-12,1.637646193010821,-4.199428988633323e-11,2.0766127467819227e-11,-1.3400839401128257,-1.6265488386204592e-10,3.52644909052116,7.548427157825451e-11
0.9819199999999999,12.645058326034645,-1.8077662055064661e-12,0.24222400717743578,12.914613419618581,5.911967153175689e-12,0.42905717035277463,6.902490017542796e-12,1.6204146324759587,-4.386265182537886e-11,-9.525322099328064e-12,-1.327340291290029,-1.261234404615918e-10,3.523230127469134,7.047666951058611e-11
0.99484,12.811929501744524,-1.7405655605556661e-12,0.24778816866499725,12.916837928660001,4.490609464595216e-12,0.43226813731928143,6.681164511438464e-12,1.603345260265064,-4.538859014008817e-11,-1.8082870081741448e-11,-1.3149773884150355,-1.0968242743112643e-10,3.5200605076798834,6.568145227643055e-11
1.00776,12.978829630018673,-1.9071267012969133e-12,0.25339366843259403,12.919095240712748,-3.027406778367374e-11,0.4354562849093244,6.7629889347466645e-12,1.5864332239701227,-4.567697827313194e-11,3.199512655078281e-11,-1.3029848863436537,6.536511019262992e-11,3.5169372248073163,-8.812241018834197e-11
1.02068,13.145759132544432,-2.5046216097649843e-12,0.25904021418384116,12.92138502643263,-6.221740411540852e-11,0.438622004757412,7.526526338584943e-12,1.5696738027171122,-4.40699613502703e-11,7.938315784010832e-11,-1.291352768921155,1.8363332273458584e-10,3.513857298895262,-2.3121862047201413e-10
1.0335999999999999,13.312718426821299,-3.3069053979902377e-12,0.2647275186080888,12.92370696689033,-6.197513276156572e-11,0.441765677014667,8.632814190335754e-12,1.5530624050516753,-4.1871385519969376e-11,8.261821130759696e-11,-1.2800710182982291,1.5694319683115786e-10,3.5108178287221854,-2.3222370321466097e-10
1.04652,13.47970792629127,-3.895163681637533e-12,0.27045529928649487,12.926060752919708,-2.9086521053805024e-11,0.44488767877574237,9.517108951158957e-12,1.5365945706391506,-4.089976071379183e-11,5.0209472633978014e-11,-1.2691293551576062,-6.188491333291333e-12,3.5078160308329926,-8.73941342682398e-11
1.05944,13.6467280404614,-4.494957799125361e-12,0.27622327868457835,12.92844608456178,-6.376086555421796e-11,0.44798838903903515,1.032444631303106e-11,1.5202659744802969,-3.975379226250654e-11,7.000211951209461e-11,-1.2585171090612137,1.839529783521643e-10,3.5048492656898484,-2.4204229511236686e-10
1.07236,13.81377917501917,-5.3172095292888215e-12,0.2820311841817467,12.930862670510745,-6.352268400668922e-11,0.45106818946999805,1.1323370558281553e-11,1.504072432334994,-3.740190300568629e-11,7.505959800980953e-11,-1.2482231611094958,1.8046840337698008e-10,3.5019150464363107,-2.432228123969799e-10
1.08528,13.980861731941323,-6.129804704519033e-12,0.28787874811602027,12.933310227655484,-6.226604280913307e-11,0.454127465990306,1.2344190546906408e-11,1.4880099065224583,-3.5285143863059025e-11,7.440658788857902e-11,-1.2382359429982572,1.4760506046217183e-10,3.499011051678143,-2.396577355065874e-10
1.0981999999999998,14.147976109597204,-6.697155653594616e-12,0.29376570781277983,12.935788480685352,-2.5559181505972744e-11,0.45716660471550563,1.3228758198683227e-11,1.4720745111092233,-3.4811346952015275e-11,6.062287616845046e-11,-1.228543532734717,-7.373671554215853e-11,3.496135112636599,-7.754091740038857e-11
1.1111199999999999,14.315122702847304,-7.0239099260103434e-12,0.29969180557004854,12.938297161745151,-2.5021975214728032e-11,0.46018598928893617,1.4004960508318827e-11,1.456262515809762,-3.5714804650504236e-11,6.306361611421262e-11,-1.2191337582035409,-6.549581114242132e-11,3.4932852052081933,-7.419137340338795e-11
1.12404,14.482301903137492,-7.353818095507326e-12,0.30565678860628176,12.940836010110498,-2.6047400868396168e-11,0.46318599774407127,1.4724873912749672e-11,1.4405703485620347,-3.651661289777553e-11,5.151689088168159e-11,-1.2099942987202277,-5.797424068963371e-11,3.4904594386296774,-7.78617959825258e-11
1.13696,14.649514098589135,-7.682739788931546e-12,0.3116604089737837,12.943404771877734,-2.486926994030646e-11,0.46616700032124786,1.5329669813929166e-11,1.4249945968548587,-3.7337309812741614e-11,4.5283042351955117e-11,-1.2011127766940193,-6.839643433876211e-11,3.4876560471335742,-7.17702738586255e-11
1.14988,14.816759674085226,-7.797453747649077e-12,0.3177024234402276,12.946003199653518,7.11169119146261e-12,0.46912935671340805,1.5482661380781237e-11,1.4095320078391744,-3.914355378274194e-11,-1.468637072376091e-11,-1.1924768542168707,-2.104790493326491e-10,3.4848733778806738,7.151291775385771e-11
1.1627999999999998,14.984039011352495,-7.501837685614295e-12,0.32378259333556,12.94863105224566,3.864930912351911e-11,0.47207341346188564,1.4834819970674324e-11,1.3941794873107172,-4.2713452069015035e-11,-7.210422937962743e-11,-1.184074311179025,-3.413464788932521e-10,3.482109878447199,2.1449005800301773e-10
1.1757199999999999,15.151352489039606,-7.018363823569608e-12,0.3299006843710397,12.95128809436594,3.6191845991757545e-11,0.4749995022470465,1.3575015358285372e-11,1.3789340978125098,-4.6733083654862237e-11,-1.0787838600734797e-10,-1.1758931034041005,-2.801237642978554e-10,3.479364087403286,2.0752868127598792e-10
1.18864,15.318700482791336,-6.753644592278488e-12,0.33605646644948906,12.953974096304295,4.786363186434404e-12,0.47790794023737465,1.2573509287939168e-11,1.3637930561964464,-4.9511080557132705e-11,-3.684987643630829e-11,-1.1679213882466528,-1.492474137026602e-10,3.476634633462407,7.139571912405026e-11
1.20156,15.486083365318645,-6.9232137066943784e-12,0.34224971347176664,12.956688833619804,-3.103545210530293e-11,0.4807990291554398,1.2175757576033177e-11,1.3487537308173678,-5.014256769848999e-11,-2.238585713986165e-11,-1.1601475558831291,5.202776716548125e-11,3.473920228597346,-8.630163192700587e-11
1.21448,15.653501506464691,-7.322518363023187e-12,0.34848020313497674,12.959432086820742,-3.077641419946608e-11,0.4836730549328094,1.2243080385309434e-11,1.3338136382655872,-4.9602353452754985e-11,3.0886035420069116e-11,-1.1525602694699366,3.207157411215921e-11,3.47121966330717,-8.566379148132445e-11
1.2273999999999998,15.820955273267197,-7.70887206361078e-12,0.354747716731974,12.962203641121434,-2.9030660194898243e-11,0.48653028825562605,1.2777665569592472e-11,1.318970439586215,-4.9467982558276903e-11,5.138076524230505e-11,-1.1451485044266656,-1.0775187777674794e-11,3.46853180529675,-7.802535408992294e-11
1.2403199999999999,15.988445030017044,-8.086966161525934e-12,0.3610520389360396,12.965003286099515,-2.9497837934382464e-11,0.4893709817235681,1.3260550660943154e-11,1.3042219361512435,-4.941354064941035e-11,2.3168178105853438e-11,-1.1379015629063862,1.971837144498896e-11,3.4658555828817343,-8.008595880350909e-11
1.25324,16.155971138313063,-8.456935872939687e-12,0.3673929575733241,12.967830815451668,-2.77730152256413e-11,0.4921953707972486,1.3561812352152463e-11,1.2895660652485903,-4.9326560470841716e-11,2.316811740030265e-11,-1.1308091031390108,-5.725805483645761e-12,3.4631899848308136,-7.251094732956291e-11
1.26616,16.323533957113497,-9.013581559862333e-12,0.3737702633968312,12.970686026720514,-5.839504776548034e-11,0.49500367308930526,1.4306936540102736e-11,1.2750008954226246,-4.8675201239417776e-11,8.991527416382573e-11,-1.1238611485584664,1.0707787301076744e-10,3.460534052657219,-2.0825908828482944e-10
1.27908,16.491133842784134,-9.760225564252711e-12,0.38018374986381137,12.973568721056134,-5.7184519477612284e-11,0.49779608960111765,1.5712221259257916e-11,1.2605246217574937,-4.7601626623031646e-11,1.2396246814914574e-10,-1.1170480875299074,5.965948094893253e-11,3.457886881436069,-2.038466661222022e-10
1.2919999999999998,16.658771149143366,-1.0266318386982867e-11,0.3866332129286952,12.976478702973415,-2.1158022740678048e-11,0.5005728058917294,1.720820920998714e-11,1.246135560992877,-4.816908115904229e-11,1.0952698803422643e-10,-1.1103606995624606,-1.4684076501331717e-10,3.455247620152479,-4.418038139026799e-11
1.3049199999999999,16.82644622750359,-1.0323665954262555e-11,0.3931184508388883,12.979415780033671,1.2280690344441514e-11,0.503333991351787,1.8235204943202106e-11,1.231832146487492,-5.113158653429484e-11,5.933118218154229e-11,-1.1037901526643374,-3.109642017072787e-10,3.4526154635544013,1.0636200150462593e-10
1.31784,16.994159426709626,-9.939848991407878e-12,0.3996392638956503,12.982379762695853,4.713370019033828e-11,0.5060797945246802,1.8725152219776653e-11,1.2176129230955324,-5.644955709443567e-11,3.4080088030579497e-11,-1.0973280194656605,-5.113570939547172e-10,3.4499896264796193,2.6539316596927275e-10
1.33076,17.161911093174698,-9.564327469318306e-12,0.40619545424738773,12.985370464095464,1.0996566386994798e-11,0.5088103528030977,1.894552121802878e-11,1.2034765419424418,-6.158038871968746e-11,1.6778306320021804e-11,-1.0909662766783623,-2.819973740758952e-10,3.4473693814602755,1.1115570398939236e-10
1.34368,17.32970157091348,-9.646563851276075e-12,0.41278682569735364,12.988387699802617,-2.3726656473336832e-11,0.5115257849625275,1.9237795470004156e-11,1.1894217551922803,-6.408921530319526e-11,3.6613855675492884e-11,-1.0846973069379826,-1.0555116616956192e-10,3.4447540206690426,-3.9389020768152405e-11
1.3565999999999998,17.497531201572528,-9.966476214624874e-12,0.4194131834915518,12.99143128766643,-2.5795381196755862e-11,0.5142261955635068,1.9534111011205768e-11,1.17544741087839,-6.525373285201857e-11,1.300473412113502e-11,-1.0785138871626718,-7.394033544739097e-11,3.442142870228528,-4.730018494012572e-11
1.3695199999999998,17.665400324458574,-1.0299468398759049e-11,0.42607433413258106,12.994501047634992,-2.5751396532992587e-11,0.5169116745648549,1.968309690502736e-11,1.161552447804895,-6.621534216915097e-11,1.309949752508444e-11,-1.072409189229748,-7.414794318543686e-11,3.439535283487465,-4.6110266239914775e-11
1.38244,17.833309276564417,-1.0634625830797187e-11,0.4327700851924047,12.99759680156696,-2.6130558890867943e-11,0.5195822975440605,1.9765511955329685e-11,1.1477358905407522,-6.710669817329601e-11,2.4386259102780464e-12,-1.0663767649719074,-6.306856792133799e-11,3.436930637068727,-4.685826579528767e-11
1.39536,18.00125839259266,-1.09893412388157e-11,0.4395002451339765,13.000718373083526,-2.8778946994350747e-11,0.5222381268478673,1.9653885860075836e-11,1.133996844586692,-6.761347821888284e-11,-1.8154205523686447e-11,-1.0604105344182475,-1.4633002295944676e-11,3.4343283311775297,-5.799383718108034e-11
1.40828,18.169248004977405,-1.1365369218583617e-11,0.4462646231472918,13.00386558740317,-2.942971860439792e-11,0.5248792126746262,1.948916339074104e-11,1.1203344917553197,-6.781256802753748e-11,-6.729912576741e-12,-1.054504764555755,-1.5456499123322673e-11,3.431727789820647,-6.063953301963425e-11
1.4212,18.337278443903966,-1.1552080423679666e-11,0.45306302899813766,13.007038271197644,5.270552768361415e-13,0.5275055939578583,1.89180256004218e-11,1.1067480857483563,-6.862395539688305e-11,-7.924097025978058e-11,-1.0486540600515397,-1.0941657655943248e-10,3.429128460339963,7.201891323120017e-11
1.4341199999999998,18.505350037326576,-1.1540836795499399e-11,0.45989527288473847,13.01023625242611,1.2134444414715396e-12,0.5301172987048033,1.7838589031535983e-11,1.0932369479752322,-7.002630401849121e-11,-8.370092079261844e-11,-1.042853335168921,-1.0695676869162119e-10,3.4265298107913558,7.637389032683343e-11
1.4470399999999999,18.673463110984276,-1.1539997235323258e-11,0.4667611653077592,13.013459360220864,-1.0834815659078846e-12,0.5327143457256484,1.6556773137173093e-11,1.0798004636303016,-7.1028133556694e-11,-1.1178145712244089e-10,-1.0370978018172792,-4.747295586333163e-11,3.4239313336855193,6.719115093714387e-11
1.45996,18.84161798841505,-1.1552736513338652e-11,0.47366051695464273,13.016707424728613,-8.885428946794695e-13,0.5352967451232,1.5072986169366462e-11,1.0664380780553318,-7.168154572703759e-11,-1.1600238471136595e-10,-1.031382937342086,-5.308458441967933e-11,3.4213325445650278,6.861273021093136e-11
1.47288,19.0098149909686,-1.1767149610615754e-11,0.48059313858554603,13.01998027705947,-3.23023390367606e-11,0.5378644980506846,1.4105465537170616e-11,1.0531492931950068,-7.161492634422068e-11,-3.3960204918364996e-11,-1.0257045023367282,6.391908760016897e-11,3.4187329774381485,-6.963362432473477e-11
1.4858,19.17805443781766,-1.2190756980798538e-11,0.48755884093127067,13.023277749110845,-3.327155727636375e-11,0.5404175988107107,1.3596360554291358e-11,1.0399336642489854,-7.06376760853784e-11,-4.759463419611023e-11,-1.0200584924034382,8.783027238496811e-11,3.4161321907172906,-7.48649073603429e-11
1.4987199999999998,19.346336645967575,-1.2811313313123667e-11,0.49455743460455703,13.026599673476655,-6.278979447675235e-11,0.5429560348249506,1.3652930662956469e-11,1.0267907966540675,-6.893457485412769e-11,5.160112751130385e-11,-1.0144411352928342,1.7624904114022487e-10,3.4135297641097755,-2.0624534557827399e-10
1.5116399999999999,19.514661930264904,-1.3821155489778032e-11,0.5015887300135341,13.029945883385563,-9.353252389079627e-11,0.5454797869981174,1.4717099216193367e-11,1.0137203431934292,-6.590649477047875e-11,1.0479640878771933e-10,-1.008848874093887,2.929229408397994e-10,3.410925297362578,-3.442004495497628e-10
1.52456,19.683030603404664,-1.5025836515961755e-11,0.5086525372929467,13.033316212552334,-9.295060709739629e-11,0.5479888321060012,1.5937738094937873e-11,1.0007220013296847,-6.21024449182795e-11,7.382306798783403e-11,-1.0032783493959863,2.9638923900410233e-10,3.408318418127651,-3.452644469099222e-10
1.53748,19.85144297593585,-1.6214536370473752e-11,0.5157486662461039,13.036710495061568,-9.105865830693747e-11,0.5504831420669407,1.727667145619418e-11,0.9877955108903352,-5.868442482319168e-11,1.2426232709779596e-10,-0.9977263625775733,2.3321627000492067e-10,3.405708776484938,-3.4018405606640665e-10
1.5504,20.019899356266563,-1.7598111309629466e-11,0.5228769262758196,13.040128565420547,-1.2311702886886966e-10,0.5529626829664511,1.9330479375083137e-11,0.974940651644747,-5.4946477483701596e-11,1.8374343255505757e-10,-0.9921899293091696,3.459630658433074e-10,3.4030960382491062,-4.844218826921676e-10
1.5633199999999998,20.188400050668243,-1.9158546968039014e-11,0.5300371263261034,13.043570258368971,-1.1843647862486834e-10,0.5554274176966906,2.1926714505518848e-11,0.9621572409496283,-5.1122172738399124e-11,2.0816005962073142e-10,-0.9866662154459943,2.466650209749445e-10,3.4004798942475785,-4.674019597748939e-10
1.5762399999999999,20.356945363278527,-2.0481381422318806e-11,0.5372290748342695,13.04703540885797,-8.633665671256095e-11,0.5578773049296333,2.4202655191725482e-11,0.9494451317615346,-4.893287167748316e-11,1.3848382885611948e-10,-0.981152544320892,9.297912186549446e-11,3.3978600538447568,-3.28476802327812e-10
1.58916,20.525535596103563,-2.181224286238585e-11,0.5444525796815689,13.050523851983408,-1.1967904608419522e-10,0.5603122999154726,2.6122860605553632e-11,0.9368042106493025,-4.667496980077273e-11,1.5298641133298888e-10,-0.9756463894611462,2.573498086796231e-10,3.395236246481348,-4.76764813325196e-10
1.60208,20.69417104901944,-2.3120576608948262e-11,0.5517074481504206,13.054035422920377,-8.284939765611587e-11,0.5627323547055367,2.809589555289832e-11,0.924234395942143,-4.4844760311289e-11,1.4786083405891426e-10,-0.9701453608731907,2.6851010249619396e-11,3.3926082208226673,-3.1683307594159383e-10
1.615,20.862852019772905,-2.441406271434429e-11,0.558993486884163,13.057569956872591,-1.1738064961881091e-10,0.565137418319585,3.008082285722932e-11,0.9117356359993897,-4.32268645334221e-11,1.5535614905535502e-10,-0.9646471999245412,2.245426661817908e-10,3.389975743781058,-4.696118696502178e-10
1.6279199999999998,21.031578803981393,-2.6130269029021155e-11,0.5663105018499777,13.061127289023117,-1.482859625602705e-10,0.5675274370696914,3.2464811842805694e-11,0.8993079075508585,-3.9660057075297924e-11,2.049862566890241e-10,-0.9591497735322857,3.2857973909535227e-10,3.3873386002935146,-6.083379870802158e-10
1.6408399999999999,21.200351695132458,-2.7831728718976233e-11,0.5736582983061798,13.064707254485125,-1.1509789037395233e-10,0.5699023549120591,3.473605051901506e-11,0.8869512141360769,-3.6461132444719895e-11,1.3889468443171656e-10,-0.9536510646692267,1.6767368307025673e-10,3.3846965933184086,-4.658093953555683e-10
1.65376,21.369170984582798,-2.9090204584867253e-11,0.5810366807692825,13.06830968829175,-7.971261518193328e-11,0.5722621130605098,3.647655061671424e-11,0.8746655845325917,-3.581853202524471e-11,1.2898090611362044e-10,-0.9481491835482595,-6.70333378152844e-11,3.38204954058064,-3.11215669408488e-10
1.66668,21.538036961556436,-3.011796284865318e-11,0.5884454529851804,13.071934425274762,-7.938309128647666e-11,0.5746066510103713,3.8027315058447565e-11,0.8624510713965734,-3.673411570365521e-11,1.1318939895323414e-10,-0.9426423235753437,-7.345696257727904e-11,3.3793972777236463,-3.086691829506898e-10
1.6796,21.706949913142633,-3.092407926388012e-11,0.595884417899463,13.0755813001425,-4.54027315040704e-11,0.5769359053801222,3.91663015929111e-11,0.8503077499460672,-3.8867708409824714e-11,6.806003471283238e-11,-0.9371287987940636,-2.5551758027434204e-10,3.376739651914607,-1.5761959836527557e-10
1.6925199999999998,21.875910124293735,-3.1714607634304276e-11,0.6033533776248002,13.07925014739653,-7.697008125508744e-11,0.5792498106163585,4.0188175064525295e-11,0.8382357165298022,-4.126677791602892e-11,9.557093733672413e-11,-0.9316070241571561,-1.1452477665689972e-10,3.374076523521767,-2.9325812463758436e-10
1.7054399999999998,22.044917877822343,-3.2695367423627505e-11,0.6108521334134911,13.082940801304307,-7.485031956894241e-11,0.5815482990881133,4.1492101114380275e-11,0.8262350873795878,-4.307979077279751e-11,1.1037152850597431e-10,-0.9260755068357662,-1.6477079085673978e-10,3.3714077652904746,-2.8200074457625095e-10
1.7183599999999999,22.213973454398037,-3.3861254243864903e-11,0.6183804856328711,13.086653095862069,-1.0562751638111902e-10,0.5838313014351105,4.318403669655979e-11,0.8143059974768013,-4.4545465829055085e-11,1.5477843276221003e-10,-0.9205328372488353,-6.072705356104439e-11,3.3687332627442506,-4.149584436210811e-10
1.73128,22.383077132543768,-3.521443294271302e-11,0.6259382337430178,13.090386864777384,-1.0384287043747455e-10,0.5860987465752163,4.533133024479203e-11,0.8024485994482251,-4.5592027143734226e-11,1.7991967459973693e-10,-0.9149776934905244,-9.984324673340211e-11,3.3660529131201637,-4.05850642591519e-10
1.7442,22.55222918863207,-3.6551064540532176e-11,0.633525176274874,13.094141941460961,-1.0306604563360272e-10,0.588350561761654,4.73841333296556e-11,0.7906630624374,-4.690591798614703e-11,1.406731143305412e-10,-0.9094088406929299,-1.0205034572820355e-10,3.3633666244952707,-4.0089093095300296e-10
1.7571199999999998,22.72142989688095,-3.766289443645681e-11,0.6411411108066574,13.097918158984834,-6.904384537640264e-11,0.5905866722605286,4.888841152568847e-11,0.7789495709974849,-4.9278614530579796e-11,9.721849611796155e-11,-0.9038251283341804,-2.6368256681843644e-10,3.3606743132832344,-2.496256412117633e-10
1.7700399999999998,22.890679529349406,-3.83386680230455e-11,0.6487858339418647,13.10171535006444,-3.556506895621144e-11,0.5928070019201753,4.977572535745874e-11,0.7673083240989766,-5.379757026858327e-11,4.955344136802497e-11,-0.8982254751500783,-4.3423416940659384e-10,3.3579759057359575,-9.8714296065299e-11
1.7829599999999999,23.059978355932515,-3.8785498802969535e-11,0.6564591412947961,13.10553334701116,-3.360378242521857e-11,0.5950114737657975,5.045644736207442e-11,0.7557395342984676,-5.97301745433618e-11,6.800395470011248e-11,-0.8926088592940308,-4.824815012355782e-10,3.355271339717998,-8.413864541468745e-11
1.79588,23.229326644356224,-3.921280972279226e-11,0.6641608274795634,13.109371981736487,-3.2543418785729655e-11,0.5972000099443153,5.125836347449747e-11,0.7442434268818658,-6.612978119812128e-11,6.909149103039834e-11,-0.8869743321304251,-5.065060455215138e-10,3.3525605636064917,-7.302795469979902e-11
1.8088,23.398724660171883,-3.9853518921665097e-11,0.6718906861006301,13.113231085703147,-6.663757175186157e-11,0.5993725320164748,5.194120891873988e-11,0.7328202390063164,-7.149702732784893e-11,4.731765796278049e-11,-0.8813210046418861,-3.2267595697282663e-10,3.349843536714852,-2.1639906818488782e-10
1.8217199999999998,23.5681726667506,-4.070627752622482e-11,0.6796485097377333,13.117110489949265,-6.536840418617615e-11,0.6015289597951738,5.249107884630682e-11,0.7214702188606711,-7.574561462994257e-11,4.617348213478139e-11,-0.875648058151511,-3.3334267805760007e-10,3.3471202233813253,-2.0649984115218571e-10
1.8346399999999998,23.737670925277683,-4.153250997563642e-11,0.6874340899236309,13.121010025079533,-6.253135578466064e-11,0.6036692113964106,5.305714888118157e-11,0.7101936247937306,-8.039320529292116e-11,5.044009432625682e-11,-0.8699547385884902,-3.8443482670493285e-10,3.344390592325212,-1.8936492388826202e-10
1.8475599999999999,23.907219694746626,-4.2353178534912906e-11,0.6952472171338198,13.124929521196151,-6.450712088352628e-11,0.6057932050414913,5.340910668945264e-11,0.6989907246223287,-8.503318001692129e-11,1.2867927690658606e-11,-0.8642403343839807,-3.3216289906331806e-10,3.341654623823389,-1.9324499486304897e-10
1.86048,24.076819231952072,-4.341078668092173e-11,0.7030876807997354,13.128868807820478,-9.920931038718965e-11,0.607900860889725,5.362167955934693e-11,0.6878617951694368,-8.799267884801137e-11,2.5590010019883717e-11,-0.8585041629677039,-1.2432046862543558e-10,3.338912317236938,-3.41475065588542e-10
1.8734,24.24646979148241,-4.4885749563904606e-11,0.7109552693234843,13.132827713903854,-1.2911311731913715e-10,0.6099920994429313,5.427628514265699e-11,0.6768071217838165,-8.906310307649499e-11,7.774295976414088e-11,-0.8527455871282839,-3.975309382762302e-11,3.3361636835620816,-4.705611236928464e-10
1.8863199999999998,24.416171625713098,-4.656550698058506e-11,0.7188497700551766,13.136806067935842,-1.3091125058805387e-10,0.6120668373515349,5.522243446857961e-11,0.6658269975683998,-8.93839632692076e-11,6.93120305954646e-11,-0.8469640437411893,-8.286391985417571e-12,3.3334087263745484,-4.778486400052364e-10
1.8992399999999998,24.585924984800894,-4.8038203656825873e-11,0.7267709692510553,13.140803697976903,-9.70603711210503e-11,0.6141249886358865,5.597985533090024e-11,0.6549217224062064,-9.06503281885479e-11,5.0199482372619324e-11,-0.8411590463816243,-1.8609360611928684e-10,3.330647446180813,-3.2893186101699363e-10
1.9121599999999999,24.75573011667745,-4.9287311612421504e-11,0.7347186520599178,13.144820431521344,-9.629999352223624e-11,0.6161664678443827,5.6612707964617684e-11,0.6440916023276124,-9.317031294649272e-11,5.216421342360628e-11,-0.835330129871332,-2.0232781216038706e-10,3.327879853558764,-3.229385316875823e-10
1.92508,24.925587267042097,-5.05260926320396e-11,0.7426926025294232,13.148856095513581,-9.546177422050297e-11,0.618191189973779,5.751286382142434e-11,0.6333369491283133,-9.601080969577057e-11,9.20781602303881e-11,-0.8294768669241872,-2.356925064695197e-10,3.325105968414355,-3.162723850602851e-10
1.938,25.09549667935478,-5.153866173263751e-11,0.7506926036035811,13.152910516356782,-6.12826685965117e-11,0.6201990691838126,5.832569489721967e-11,0.6226580798351506,-1.0017074605127237e-10,4.0799998784460866e-11,-0.8235988750514482,-4.0655117161159883e-10,3.322325813847601,-1.6321922801518605e-10
1.95092,25.26545859482903,-5.252367731944706e-11,0.7587184371132594,13.156983519904912,-9.119652440806191e-11,0.6221900190016803,5.911906991211634e-11,0.612055316150564,-1.0475434616117622e-10,8.963721528503602e-11,-0.817695812965065,-3.0126426802915906e-10,3.319539416484715,-2.886368828911424e-10
1.9638399999999998,25.43547325242466,-5.39141382161001e-11,0.7667698837739227,13.161074931430864,-1.240451004608291e-10,0.6241639532372296,6.055276783672819e-11,0.6015289839842708,-1.0759253156680766e-10,1.3696272632259415e-10,-0.8117673706716496,-1.3635503348259902e-10,3.316746809987726,-4.284399572261244e-10
1.9767599999999999,25.605540888840185,-5.551425306305136e-11,0.7748467231890813,13.165184575615983,-1.2365069628085286e-10,0.6261207859514022,6.204879652687387e-11,0.5910794130508654,-1.0944494999277463e-10,9.762501857604465e-11,-0.8058132691743642,-1.4864792485373605e-10,3.313948034506806,-4.2462044419450666e-10
1.98968,25.775661738505125,-5.688331293645423e-11,0.7829487338532337,13.169312276542017,-8.827807669172741e-11,0.6280604314096571,6.32246228347512e-11,0.5807069364762788,-1.127942976799466e-10,8.969225117136993e-11,-0.7998332593994272,-3.680449067424638e-10,3.311143136075905,-2.673177650088696e-10
2.0025999999999997,25.94583603357228,-5.822371948566228e-11,0.7910756931533599,13.173457857692553,-1.1921519717948851e-10,0.6299828039039984,6.461683586474081e-11,0.5704118904058293,-1.16823112740837e-10,1.3205791017030204e-10,-0.7938271230231065,-2.5380500482589467e-10,3.308332165438069,-3.974961837924603e-10
2.01552,26.116064003910033,-5.95538938872886e-11,0.7992273773678406,13.177621141959259,-8.669415291746475e-11,0.631887817532641,6.597790039636249e-11,0.5601946136000123,-1.2119557773041956e-10,8.532457517200203e-11,-0.7877946735429837,-4.2120968945110125e-10,3.3055151766750828,-2.5164938183540137e-10
2.02844,26.286345877094746,-6.066621108670127e-11,0.8074035616631449,13.181801951649698,-8.549117206901624e-11,0.6337753860748352,6.702604686081317e-11,0.5500554470233845,-1.267023142191923e-10,8.51661056109801e-11,-0.7817357562755545,-4.2936753051858335e-10,3.3026922262442655,-2.407480569046921e-10
2.04136,26.456681878403224,-6.178511534593822e-11,0.8156040200908679,13.186000108486,-8.771382162091415e-11,0.6356454231702168,6.786441163445236e-11,0.5399947334526776,-1.3200981688187244e-10,5.2425820687128774e-11,-0.7756502453818513,-3.9035703747100713e-10,3.2998633733574785,-2.4492874918712534e-10
2.05428,26.627072230805066,-6.271193851347519e-11,0.8238285255879342,13.190215433594815,-5.575725694518008e-11,0.6374978426295268,6.802014290022995e-11,0.5300128171294445,-1.3781847081687467e-10,-1.9917729172235074e-11,-0.7695380399483344,-5.069433937246467e-10,3.297028680974135,-1.0034672691539912e-10
2.0671999999999997,26.797517154954974,-6.342772585667476e-11,0.8320768499785127,13.19444774750577,-5.5045737358159506e-11,0.6393325583888216,6.757933182543853e-11,0.5201100434497986,-1.4436220329904489e-10,-3.904965179785515e-11,-0.7633990621640286,-5.041639365391497e-10,3.2941882152822304,-9.067504661903033e-11
2.08012,26.968016869185067,-6.434350141917458e-11,0.8403487639749206,13.198696870155818,-8.671518562942902e-11,0.6411494843987755,6.728216391331228e-11,0.5102867586648151,-1.4989846056438035e-10,7.54821828286663e-13,-0.7572332574928743,-3.5101761297675936e-10,3.2913420449079474,-2.2240402775505536e-10
2.09304,27.1385715894972,-6.544263923490092e-11,0.8486440371787235,13.202962620886485,-8.342998708362554e-11,0.6429485347657542,6.739854842464662e-11,0.5005433095926999,-1.54843010100651e-10,2.4030427529390068e-11,-0.7510405926797658,-4.125875058388196e-10,3.2884902412293173,-2.0309957239134914e-10
2.10596,27.30918152955519,-6.63169402536472e-11,0.8569624380852925,13.207244818430919,-5.191072789257808e-11,0.6447296241458487,6.712685607048464e-11,0.49088004337006613,-1.610125279401239e-10,-5.783314934634414e-11,-0.7448210516907915,-5.406552680221523e-10,3.2856328798245653,-6.026339306654872e-11
2.11888,27.47984690067697,-6.718699508514522e-11,0.8653037340894878,13.211543280916375,-8.277268255603404e-11,0.6464926675252591,6.66568707704088e-11,0.4812973072329641,-1.67137444380445e-10,-6.890205324488199e-12,-0.7385746351671105,-4.0571055293002273e-10,3.28277003928846,-1.8778457943980494e-10
2.1317999999999997,27.65056791225535,-6.805053624267313e-11,0.8736676801381627,13.215857892207254,-5.09024192284723e-11,0.6482358229816829,6.614726817544316e-11,0.4717953767050688,-1.731242785907005e-10,-6.427299660206539e-11,-0.7323124434544425,-5.193049789588318e-10,3.2798941153198142,-4.371546888352107e-11
2.14472,27.821344770807272,-6.849673937152419e-11,0.8820540423695707,13.22018832326017,-1.816927254413654e-11,0.6499626648523901,6.496352614615989e-11,0.4623746046796232,-1.807284741062395e-10,-1.093851422004343e-10,-0.7260113994937899,-6.561093254975406e-10,3.2770210550202186,1.055740767193369e-10
2.15764,27.99217768048459,-6.873541330052556e-11,0.8904625857672758,13.224534537006106,-1.8777156093845746e-11,0.6516694400555075,6.339667002905645e-11,0.45303534280460844,-1.8897676221546626e-10,-1.2297762848784197e-10,-0.7196947731091158,-6.190575196365395e-10,3.2741350527626394,1.1111441067793394e-10
2.17056,28.163066843505835,-6.920898455860602e-11,0.898893062527524,13.228896271235849,-5.453108819105595e-11,0.6533579222120109,6.181565712503545e-11,0.443777866928797,-1.9557031081502006e-10,-1.1376928764656285e-10,-0.7133510281000842,-4.000179972810538e-10,3.2712441763000997,-3.70329028448888e-11
2.18348,28.334012459189147,-7.013783319102339e-11,0.9073452360708859,13.233273339184239,-8.925352983020863e-11,0.6550280752124374,6.050554141430553e-11,0.4346025295255852,-1.994843442067144e-10,-8.436666926423204e-11,-0.706979839270029,-2.0433228774083326e-10,3.2683487279842334,-1.8327629575703851e-10
2.1963999999999997,28.505014724450962,-7.108051768765284e-11,0.9158188690256321,13.237665555833475,-5.667286283688987e-11,0.6566798125191753,5.917616965904243e-11,0.4255096842574774,-2.031160648141171e-10,-1.1717762105081657e-10,-0.7005813477435466,-3.5636462220029573e-10,3.2654487942570207,-3.875503408467511e-11
2.20932,28.67607383381472,-7.201290627552908e-11,0.9243137228915016,13.242072735769712,-8.765973590556171e-11,0.658313045974553,5.7952812500007983e-11,0.41649968277784355,-2.0697115243130198e-10,-6.78279849376505e-11,-0.6941557234072269,-2.3895875728063575e-10,3.262544453931162,-1.6880414042573837e-10
2.2222399999999998,28.847189979405037,-7.314085777410511e-11,0.9328295580286137,13.246494693072306,-8.694575923004729e-11,0.6599276873245363,5.712482839190142e-11,0.4075728744669418,-2.1002749454574612e-10,-5.6928663972147855e-11,-0.6877031482493803,-2.3275737713940926e-10,3.2596357845247996,-1.6258986803045548e-10
2.23516,29.0183633509409,-7.405787202908111e-11,0.9413661336615772,13.250931241271573,-5.500691181886871e-11,0.6615236490475226,5.618884265257387e-11,0.3987296062920423,-2.1403983600676396e-10,-8.359006303803287e-11,-0.6812238138093667,-3.8697892407201126e-10,3.2567228656949716,-2.0583180038369663e-11
2.24808,29.189594135728523,-7.47617202934947e-11,0.9499232078859111,13.255382193345321,-5.3947927873637154e-11,0.6631008438834258,5.5184404558951757e-11,0.38997022268609344,-2.1933286191647416e-10,-6.627259268700923e-11,-0.6747179208576415,-4.310399302826926e-10,3.2538057770698843,-1.0705053169968415e-11
2.2609999999999997,29.36088251865413,-7.545508051103943e-11,0.9585005376737493,13.259847361702363,-5.3383375151862125e-11,0.6646591851936949,5.4371676650706657e-11,0.3812950654614405,-2.2510713035927494e-10,-5.352569734686615e-11,-0.6681856742898775,-4.6150608499096013e-10,3.2508845997045808,-2.4720545638101624e-12
2.27392,29.532228682176648,-7.593534127734683e-11,0.9670978788816658,13.264326558191938,-2.096039672234864e-11,0.6661985869296018,5.3455532445110374e-11,0.3727044737047367,-2.3218072696810674e-10,-8.109099745947625e-11,-0.6616272911441429,-6.322032535287621e-10,3.247959415821014,1.444918020882665e-10
2.2868399999999998,29.703632806320357,-7.642339823018542e-11,0.9757149862599095,13.268819594085082,-5.459021517217138e-11,0.6677189638821177,5.2445876787591246e-11,0.36419878366191677,-2.39170130757127e-10,-6.82624218374106e-11,-0.6550429941221008,-4.4851105455810945e-10,3.245030309757226,6.409806595759088e-12
2.29976,29.87509506866748,-7.714351180552706e-11,0.9843516134624312,13.273326280082655,-5.688247450919738e-11,0.6692202315546789,5.145047815202342e-11,0.35577832864084213,-2.4470361219235825e-10,-8.042380872915266e-11,-0.648433015332178,-4.068637299539441e-10,3.242097367302328,2.0749721797168218e-12
2.31268,30.04661564435066,-7.787174865013389e-11,0.9930075130584765,13.277846426291472,-5.584768719464442e-11,0.6707023065328279,5.039654793925095e-11,0.34744343897294266,-2.5000856830446047e-10,-7.767959339870159e-11,-0.6417975834138623,-4.131741693964117e-10,3.239160677237014,1.1854042583100376e-11
2.3255999999999997,30.218194706045576,-7.859258374286552e-11,1.001682436542942,13.282379842271421,-5.5736692485175986e-11,0.6721651059231205,4.934668053913461e-11,0.3391944419238885,-2.553675939080268e-10,-7.986864561072499e-11,-0.6351369443035001,-4.1527004989981097e-10,3.236220328799582,1.770465704738085e-11
2.33852,30.38983242396366,-7.95127076022758e-11,1.0103761343461004,13.286926336998903,-8.669734147926278e-11,0.6736085478165607,4.8616752679702563e-11,0.33103166161524633,-2.5984134888408126e-10,-2.9073216826453874e-11,-0.6284513387680377,-2.76169637892794e-10,3.2332764135926446,-1.1112595768718844e-10
2.3514399999999998,30.56152896584485,-8.042710077999101e-11,1.0190883558433101,13.291485718912531,-5.48495900556002e-11,0.6750325508227344,4.787950877653705e-11,0.32295541895603713,-2.64328708111509e-10,-8.107395343079335e-11,-0.6217410233386389,-4.174019198258136e-10,3.2303290234818642,3.0549985107569454e-11
2.36436,30.73328449695032,-8.135144533460884e-11,1.0278188493682932,13.296057795865657,-8.823780230009916e-11,0.6764370350879638,4.709978808194263e-11,0.31496603156962044,-2.6867128597992055e-10,-3.589694375335712e-11,-0.6150062501004879,-2.5379026024836127e-10,3.2273782548928587,-1.0877000128915443e-10
2.37728,30.90509918005522,-8.248585633960554e-11,1.0365673622257587,13.300642375171655,-8.736761643004069e-11,0.677821921176068,4.661880804492536e-11,0.30706381378387493,-2.719635979666264e-10,-3.5776661116699755e-11,-0.6082472771046977,-2.548453633413226e-10,3.2244242039582875,-1.0163637008919408e-10
2.3901999999999997,31.076973175441708,-8.340333631196465e-11,1.0453336407002092,13.305239263603461,-5.465714709303935e-11,0.6791871305964341,4.599660290724757e-11,0.2992490765606379,-2.7642618749422015e-10,-5.688501765982283e-11,-0.6014643673592356,-4.349705775713497e-10,3.2214669686994823,4.358988229184526e-11
2.40312,31.24890664089194,-8.412349378478621e-11,1.0541174300675764,13.309848267391807,-5.682233786385948e-11,0.6805325857142741,4.5207913810659795e-11,0.2915221274515063,-2.818023603381528e-10,-6.09295099025431e-11,-0.5946577857571168,-3.962935762518796e-10,3.2185066485771845,3.9685132674692595e-11
2.4160399999999997,31.420899731681143,-8.48583649165548e-11,1.0629184746060396,13.314469192237468,-5.693480327679107e-11,0.6818582097134646,4.435474580622356e-11,0.28388327050431306,-2.869097182152658e-10,-6.716644611643503e-11,-0.5878278097836346,-3.933844421909507e-10,3.2155433442162464,4.433690692625312e-11
2.42896,31.592952600570477,-8.558765226384488e-11,1.0717365176081874,13.319101843263136,-5.595797494148653e-11,0.6831639268419385,4.3515359233494764e-11,0.27633280614339245,-2.9201474306017885e-10,-5.890602532140841e-11,-0.5809747228665981,-3.9596135861696907e-10,3.2125771583298848,5.3667410756532414e-11
2.44188,31.765065397800328,-8.652393305463841e-11,1.0805713013875133,13.32374602513489,-8.897713199249616e-11,0.6844496612890199,4.293913444796839e-11,0.2688710309194839,-2.9602306590838016e-10,-2.7341305156115616e-11,-0.5740988412059402,-2.236435883370921e-10,3.2096081906063727,-8.40849596835495e-11
2.4547999999999996,31.937238271083892,-8.767976784060899e-11,1.0894225672840132,13.328401541980176,-8.994466150140079e-11,0.6857153381691499,4.2418681977244554e-11,0.2614982372572499,-2.9877083687517e-10,-5.124043197507615e-11,-0.5672004873132369,-2.0085109079788702e-10,3.2066365416792237,-8.539203725390103e-11
2.46772,32.10947136560029,-8.864375750214799e-11,1.0982900556771074,13.333068197401207,-5.927974430959058e-11,0.6869608836720472,4.144868014586533e-11,0.2542147133782588,-3.021999927476899e-10,-9.652344468568888e-11,-0.5602799893107795,-3.291472075846071e-10,3.203662313670187,4.971249528999808e-11
2.4806399999999997,32.28176482398815,-8.941280179536933e-11,1.1071735059974448,13.337745794527278,-5.976735990423915e-11,0.6881862247393257,4.0153237639981406e-11,0.24702074313276223,-3.0636748850239915e-10,-1.0119851167490873e-10,-0.553337695750606,-3.1517839374907965e-10,3.2006856086020727,5.179711791080393e-11
2.49356,32.454118786339365,-9.018447285758903e-11,1.1160726567395347,13.342434136001465,-5.96863648975726e-11,0.6893912895160785,3.8805734329670254e-11,0.23991660590069042,-3.1031801613022854e-10,-1.0479361087652089e-10,-0.5463739500809462,-2.9559494246935534e-10,3.1977065302171686,5.6102394675633426e-11
2.50648,32.626533390192684,-9.095349482751732e-11,1.1249872454833874,13.347133023954758,-5.935728369813908e-11,0.6905760082939159,3.743353509787899e-11,0.23290257669922942,-3.1420334063768775e-10,-1.0513792894510844e-10,-0.5393890842009517,-3.0512074535965977e-10,3.1947251881048055,6.140473118782145e-11
2.5193999999999996,32.799008770527344,-9.151626463510144e-11,1.133917008912225,13.351842260048082,-2.775878558732833e-11,0.691740311959583,3.589935859216805e-11,0.22597892631131752,-3.191423127522798e-10,-1.2928998134757169e-10,-0.5323834216677605,-4.587340773518484e-10,3.1917416911505336,2.0175396106263637e-10
2.53232,32.97154505975699,-9.187548433963635e-11,1.142861682826319,13.356561645470304,-2.784797982055354e-11,0.6928841329465977,3.426553106082438e-11,0.21914592140170613,-3.251719955249377e-10,-1.200115731541787e-10,-0.525357276414506,-4.740003938829209e-10,3.1887561517052156,2.0734203044139691e-10
2.5452399999999997,33.14414238772368,-9.224797169813933e-11,1.1518210021600943,13.361290980952383,-2.98126019910524e-11,0.6940074047895229,3.2627332185792966e-11,0.2124038245916571,-3.310941176085371e-10,-1.30128776704985e-10,-0.5183109604351872,-4.421211404711666e-10,3.1857686837242243,2.0479154839272334e-10
2.55816,33.316800881691954,-9.244233428175086e-11,1.1607947009965602,13.36603006676798,-2.744852553150091e-13,0.6951100621556517,3.0531076679458606e-11,0.20575289453019233,-3.374932881261501e-10,-1.907517317959059e-10,-0.5112447766336619,-5.478881154835148e-10,3.182779402951204,3.375579088376368e-10
2.57108,33.48952066634311,-9.265042646396823e-11,1.169782512581005,13.370778702761331,-3.1937926852637807e-11,0.6961920406995777,2.829154207994712e-11,0.19919338594173636,-3.4368760819183264e-10,-1.5254510207844597e-10,-0.5041590296288749,-4.10459000569641e-10,3.179788426314871,2.0811834596364783e-10
