config,kind,version,status,value,reason,ratio_vs_baseline
0001_2E05evals_srvlm,pypi,4.0.0,ok,0.30859375,,1.385964912
0001_2E05evals_srvlm,pypi,4.0.1,ok,0.25,,1.122807018
0001_2E05evals_srvlm,pypi,5.0.0,ok,0.22265625,,1
0001_2E05evals_srvlm,pypi,5.1.0,ok,0.2578125,,1.157894737
0002_9E05evals_shvlm,pypi,4.0.0,ok,4.3359375,,0.7917261056
0002_9E05evals_shvlm,pypi,4.0.1,ok,4.33203125,,0.7910128388
0002_9E05evals_shvlm,pypi,5.0.0,ok,5.4765625,,1
0002_9E05evals_shvlm,pypi,5.1.0,ok,4.05859375,,0.7410841655
0003_2E06evals_srvlm,pypi,4.0.0,ok,5.046875,,0.8130899937
0003_2E06evals_srvlm,pypi,4.0.1,ok,5.04296875,,0.8124606671
0003_2E06evals_srvlm,pypi,5.0.0,ok,6.20703125,,1
0003_2E06evals_srvlm,pypi,5.1.0,ok,3.234375,,0.5210824418
0004_7E06evals_srvlm,pypi,4.0.0,ok,10.8359375,,0.9311849614
0004_7E06evals_srvlm,pypi,4.0.1,ok,10.8359375,,0.9311849614
0004_7E06evals_srvlm,pypi,5.0.0,ok,11.63671875,,1
0004_7E06evals_srvlm,pypi,5.1.0,ok,7.09375,,0.6096005371
0005_2E07evals_shvlm,pypi,4.0.0,ok,50.375,,1.006949325
0005_2E07evals_shvlm,pypi,4.0.1,ok,50.375,,1.006949325
0005_2E07evals_shvlm,pypi,5.0.0,ok,50.02734375,,1
0005_2E07evals_shvlm,pypi,5.1.0,ok,49.49609375,,0.9893808074
0006_4E07evals_shvlm,pypi,4.0.0,ok,95.0546875,,1.005911289
0006_4E07evals_shvlm,pypi,4.0.1,ok,95.0390625,,1.005745939
0006_4E07evals_shvlm,pypi,5.0.0,ok,94.49609375,,1
0006_4E07evals_shvlm,pypi,5.1.0,ok,138.9414062,,1.470340209
0007_8E07evals_urvlm,pypi,4.0.0,ok,94.6484375,,0.6108352031
0007_8E07evals_urvlm,pypi,4.0.1,ok,94.62890625,,0.6107091537
0007_8E07evals_urvlm,pypi,5.0.0,ok,154.9492188,,1
0007_8E07evals_urvlm,pypi,5.1.0,ok,61.62109375,,0.3976857337
0008_2E08evals_urvlm,pypi,4.0.0,ok,91.609375,,0.7492651757
0008_2E08evals_urvlm,pypi,4.0.1,ok,91.609375,,0.7492651757
0008_2E08evals_urvlm,pypi,5.0.0,ok,122.265625,,1
0008_2E08evals_urvlm,pypi,5.1.0,ok,38.19921875,,0.312428115
0009_3E08evals_urvlm,pypi,4.0.0,skipped,,config_gate,
0009_3E08evals_urvlm,pypi,4.0.1,skipped,,config_gate,
0009_3E08evals_urvlm,pypi,5.0.0,ok,169.4414062,,1
0009_3E08evals_urvlm,pypi,5.1.0,ok,88.48828125,,0.522235286
0010_6E08evals_urvlm,pypi,4.0.0,ok,107.7148438,,0.7793951385
0010_6E08evals_urvlm,pypi,4.0.1,ok,107.7148438,,0.7793951385
0010_6E08evals_urvlm,pypi,5.0.0,ok,138.203125,,1
0010_6E08evals_urvlm,pypi,5.1.0,ok,54.55078125,,0.394714528
0011_1E09evals_urvlm,pypi,4.0.0,ok,283.3125,,0.3530580057
0011_1E09evals_urvlm,pypi,4.0.1,ok,283.3125,,0.3530580057
0011_1E09evals_urvlm,pypi,5.0.0,ok,802.453125,,1
0011_1E09evals_urvlm,pypi,5.1.0,ok,95.06640625,,0.1184697315
0012_2E09evals_urvlm,pypi,4.0.0,ok,422.4960938,,0.3437351029
0012_2E09evals_urvlm,pypi,4.0.1,ok,422.4882812,,0.3437287468
0012_2E09evals_urvlm,pypi,5.0.0,ok,1229.132812,,1
0012_2E09evals_urvlm,pypi,5.1.0,ok,143.3476562,,0.1166250342
0013_3E09evals_urvlm,pypi,4.0.0,ok,255.3828125,,0.7659090909
0013_3E09evals_urvlm,pypi,4.0.1,ok,255.5078125,,0.7662839738
0013_3E09evals_urvlm,pypi,5.0.0,ok,333.4375,,1
0013_3E09evals_urvlm,pypi,5.1.0,ok,122.890625,,0.368556701
0014_6E09evals_urvlm,pypi,4.0.0,ok,213.0546875,,0.4920520362
0014_6E09evals_urvlm,pypi,4.0.1,ok,213.0585938,,0.4920610577
0014_6E09evals_urvlm,pypi,5.0.0,ok,432.9921875,,1
0014_6E09evals_urvlm,pypi,5.1.0,ok,80.60546875,,0.1861591758
0015_1E10evals_urvlm,pypi,4.0.0,ok,539.8632812,,0.5501353395
0015_1E10evals_urvlm,pypi,4.0.1,ok,539.8710938,,0.5501433007
0015_1E10evals_urvlm,pypi,5.0.0,ok,981.328125,,1
0015_1E10evals_urvlm,pypi,5.1.0,ok,259.8320312,,0.2647758936
0016_2E10evals_urvlm,pypi,4.0.0,ok,377.421875,,0.4325829617
0016_2E10evals_urvlm,pypi,4.0.1,ok,377.4257812,,0.4325874389
0016_2E10evals_urvlm,pypi,5.0.0,ok,872.484375,,1
0016_2E10evals_urvlm,pypi,5.1.0,ok,136.2226562,,0.156131915
0017_4E10evals_urvlm,pypi,4.0.0,ok,434.9882812,,0.3219564237
0017_4E10evals_urvlm,pypi,4.0.1,ok,434.9960938,,0.3219622061
0017_4E10evals_urvlm,pypi,5.0.0,ok,1351.078125,,1
0017_4E10evals_urvlm,pypi,5.1.0,ok,148.4453125,,0.1098717459
0018_6E10evals_urvlm,pypi,4.0.0,skipped,,config_gate,
0018_6E10evals_urvlm,pypi,4.0.1,skipped,,config_gate,
0018_6E10evals_urvlm,pypi,5.0.0,ok,1095.179688,,1
0018_6E10evals_urvlm,pypi,5.1.0,ok,222.9335938,,0.2035589194
0019_1E11evals_urvlm,pypi,4.0.0,ok,2216.664062,,0.3507178249
0019_1E11evals_urvlm,pypi,4.0.1,ok,2216.660156,,0.3507172068
0019_1E11evals_urvlm,pypi,5.0.0,ok,6320.363281,,1
0019_1E11evals_urvlm,pypi,5.1.0,ok,1136.632812,,0.1798366268
0020_2E11evals_urvlm,pypi,4.0.0,skipped,,config_gate,
0020_2E11evals_urvlm,pypi,4.0.1,skipped,,config_gate,
0020_2E11evals_urvlm,pypi,5.0.0,ok,7246.921875,,1
0020_2E11evals_urvlm,pypi,5.1.0,ok,1192.058594,,0.1644917131
0021_2E11evals_urvlm,pypi,4.0.0,ok,1271.402344,,0.303031629
0021_2E11evals_urvlm,pypi,4.0.1,ok,1271.394531,,0.303029767
0021_2E11evals_urvlm,pypi,5.0.0,ok,4195.609375,,1
0021_2E11evals_urvlm,pypi,5.1.0,ok,558.0078125,,0.1329980374
0022_4E11evals_urvlm,pypi,4.0.0,ok,5425.453125,,0.2919586079
0022_4E11evals_urvlm,pypi,4.0.1,ok,5425.445312,,0.2919581875
0022_4E11evals_urvlm,pypi,5.0.0,ok,18582.95312,,1
0022_4E11evals_urvlm,pypi,5.1.0,ok,3287.160156,,0.1768911612
0023_6E11evals_urvlm,pypi,4.0.0,skipped,,config_gate,
0023_6E11evals_urvlm,pypi,4.0.1,skipped,,config_gate,
0023_6E11evals_urvlm,pypi,5.0.0,skipped,,config_gate,
0023_6E11evals_urvlm,pypi,5.1.0,ok,5095.320312,,
0024_8E11evals_urvlm,pypi,4.0.0,skipped,,config_gate,
0024_8E11evals_urvlm,pypi,4.0.1,skipped,,config_gate,
0024_8E11evals_urvlm,pypi,5.0.0,skipped,,config_gate,
0024_8E11evals_urvlm,pypi,5.1.0,ok,1444.132812,,
0025_1E12evals_urvlm,pypi,4.0.0,skipped,,config_gate,
0025_1E12evals_urvlm,pypi,4.0.1,skipped,,config_gate,
0025_1E12evals_urvlm,pypi,5.0.0,skipped,,config_gate,
0025_1E12evals_urvlm,pypi,5.1.0,ok,1553.296875,,
0026_2E12evals_urvlm,pypi,4.0.0,skipped,,config_gate,
0026_2E12evals_urvlm,pypi,4.0.1,skipped,,config_gate,
0026_2E12evals_urvlm,pypi,5.0.0,skipped,,config_gate,
0026_2E12evals_urvlm,pypi,5.1.0,ok,2071.660156,,
0027_3E12evals_urvlm,pypi,4.0.0,skipped,,config_gate,
0027_3E12evals_urvlm,pypi,4.0.1,skipped,,config_gate,
0027_3E12evals_urvlm,pypi,5.0.0,skipped,,config_gate,
0027_3E12evals_urvlm,pypi,5.1.0,ok,2851.160156,,
0028_4E12evals_urvlm,pypi,4.0.0,skipped,,config_gate,
0028_4E12evals_urvlm,pypi,4.0.1,skipped,,config_gate,
0028_4E12evals_urvlm,pypi,5.0.0,skipped,,config_gate,
0028_4E12evals_urvlm,pypi,5.1.0,ok,3523.773438,,
