config,kind,version,status,value,reason,speedup_vs_baseline
0001_2E05evals_srvlm,pypi,4.0.0,ok,0.004510576159,,0.8194479463
0001_2E05evals_srvlm,pypi,4.0.1,ok,0.004470456818,,0.8268019401
0001_2E05evals_srvlm,pypi,5.0.0,ok,0.00369618237,,1
0001_2E05evals_srvlm,pypi,5.1.0,ok,0.004294040913,,0.8607701801
0002_9E05evals_shvlm,pypi,4.0.0,ok,0.015910918,,1.226885824
0002_9E05evals_shvlm,pypi,4.0.1,ok,0.01592626239,,1.225703764
0002_9E05evals_shvlm,pypi,5.0.0,ok,0.01952087975,,1
0002_9E05evals_shvlm,pypi,5.1.0,ok,0.01207348944,,1.616838268
0003_2E06evals_srvlm,pypi,4.0.0,ok,0.02336649422,,1.002761024
0003_2E06evals_srvlm,pypi,4.0.1,ok,0.02321982911,,1.009094837
0003_2E06evals_srvlm,pypi,5.0.0,ok,0.02343100967,,1
0003_2E06evals_srvlm,pypi,5.1.0,ok,0.0135114928,,1.734154028
0004_7E06evals_srvlm,pypi,4.0.0,ok,0.0517274235,,0.9472932978
0004_7E06evals_srvlm,pypi,4.0.1,ok,0.0516475405,,0.9487584717
0004_7E06evals_srvlm,pypi,5.0.0,ok,0.0490010416,,1
0004_7E06evals_srvlm,pypi,5.1.0,ok,0.02317924712,,2.114004883
0005_2E07evals_shvlm,pypi,4.0.0,ok,0.153491533,,0.9783262964
0005_2E07evals_shvlm,pypi,4.0.1,ok,0.153458477,,0.9785370347
0005_2E07evals_shvlm,pypi,5.0.0,ok,0.150164803,,1
0005_2E07evals_shvlm,pypi,5.1.0,ok,0.06640535567,,2.261335724
0006_4E07evals_shvlm,pypi,4.0.0,ok,0.368660786,,0.9334683754
0006_4E07evals_shvlm,pypi,4.0.1,ok,0.37026718,,0.9294185485
0006_4E07evals_shvlm,pypi,5.0.0,ok,0.344133185,,1
0006_4E07evals_shvlm,pypi,5.1.0,ok,0.14853785,,2.316804673
0007_8E07evals_urvlm,pypi,4.0.0,ok,1.799006247,,1.263919562
0007_8E07evals_urvlm,pypi,4.0.1,ok,1.802285477,,1.26161988
0007_8E07evals_urvlm,pypi,5.0.0,ok,2.273799187,,1
0007_8E07evals_urvlm,pypi,5.1.0,ok,0.953248394,,2.385316567
0008_2E08evals_urvlm,pypi,4.0.0,ok,2.336357313,,1.344690837
0008_2E08evals_urvlm,pypi,4.0.1,ok,2.325909763,,1.350730936
0008_2E08evals_urvlm,pypi,5.0.0,ok,3.141678271,,1
0008_2E08evals_urvlm,pypi,5.1.0,ok,1.289129772,,2.437053537
0009_3E08evals_urvlm,pypi,4.0.0,skipped,,config_gate,
0009_3E08evals_urvlm,pypi,4.0.1,skipped,,config_gate,
0009_3E08evals_urvlm,pypi,5.0.0,ok,2.608433509,,1
0009_3E08evals_urvlm,pypi,5.1.0,ok,1.18474751,,2.201678828
0010_6E08evals_urvlm,pypi,4.0.0,ok,4.75096224,,1.108564377
0010_6E08evals_urvlm,pypi,4.0.1,ok,4.729876642,,1.113506312
0010_6E08evals_urvlm,pypi,5.0.0,ok,5.266747497,,1
0010_6E08evals_urvlm,pypi,5.1.0,ok,1.737859474,,3.030594577
0011_1E09evals_urvlm,pypi,4.0.0,ok,12.80461248,,0.9973974373
0011_1E09evals_urvlm,pypi,4.0.1,ok,12.78433569,,0.998979375
0011_1E09evals_urvlm,pypi,5.0.0,ok,12.77128767,,1
0011_1E09evals_urvlm,pypi,5.1.0,ok,3.114042021,,4.101193108
0012_2E09evals_urvlm,pypi,4.0.0,ok,21.17895046,,0.9905743646
0012_2E09evals_urvlm,pypi,4.0.1,ok,21.12449598,,0.9931278559
0012_2E09evals_urvlm,pypi,5.0.0,ok,20.9793254,,1
0012_2E09evals_urvlm,pypi,5.1.0,ok,4.717299808,,4.447316526
0013_3E09evals_urvlm,pypi,4.0.0,ok,31.85330792,,0.91108874
0013_3E09evals_urvlm,pypi,4.0.1,ok,31.85584122,,0.9110162867
0013_3E09evals_urvlm,pypi,5.0.0,ok,29.02119018,,1
0013_3E09evals_urvlm,pypi,5.1.0,ok,5.399548496,,5.37474387
0014_6E09evals_urvlm,pypi,4.0.0,ok,55.05491631,,0.9064434396
0014_6E09evals_urvlm,pypi,4.0.1,ok,54.91274118,,0.9087903214
0014_6E09evals_urvlm,pypi,5.0.0,ok,49.90416771,,1
0014_6E09evals_urvlm,pypi,5.1.0,ok,5.742936917,,8.689659738
0015_1E10evals_urvlm,pypi,4.0.0,ok,69.7179357,,0.9692859614
0015_1E10evals_urvlm,pypi,4.0.1,ok,69.578313,,0.9712310261
0015_1E10evals_urvlm,pypi,5.0.0,ok,67.57661633,,1
0015_1E10evals_urvlm,pypi,5.1.0,ok,11.60942449,,5.820841195
0016_2E10evals_urvlm,pypi,4.0.0,ok,181.6773779,,0.877155793
0016_2E10evals_urvlm,pypi,4.0.1,ok,181.4758445,,0.8781298962
0016_2E10evals_urvlm,pypi,5.0.0,ok,159.3593645,,1
0016_2E10evals_urvlm,pypi,5.1.0,ok,14.24644155,,11.1859066
0017_4E10evals_urvlm,pypi,4.0.0,ok,317.0149366,,0.8608269539
0017_4E10evals_urvlm,pypi,4.0.1,ok,316.1511704,,0.8631788455
0017_4E10evals_urvlm,pypi,5.0.0,ok,272.8950023,,1
0017_4E10evals_urvlm,pypi,5.1.0,ok,20.5580808,,13.27434233
0018_6E10evals_urvlm,pypi,4.0.0,skipped,,config_gate,
0018_6E10evals_urvlm,pypi,4.0.1,skipped,,config_gate,
0018_6E10evals_urvlm,pypi,5.0.0,ok,450.2476687,,1
0018_6E10evals_urvlm,pypi,5.1.0,ok,36.97679369,,12.17649298
0019_1E11evals_urvlm,pypi,4.0.0,ok,555.9027252,,0.9482274087
0019_1E11evals_urvlm,pypi,4.0.1,ok,555.4756278,,0.9489564875
0019_1E11evals_urvlm,pypi,5.0.0,ok,527.1222006,,1
0019_1E11evals_urvlm,pypi,5.1.0,ok,67.08796693,,7.857179532
0020_2E11evals_urvlm,pypi,4.0.0,skipped,,config_gate,
0020_2E11evals_urvlm,pypi,4.0.1,skipped,,config_gate,
0020_2E11evals_urvlm,pypi,5.0.0,ok,798.2249072,,1
0020_2E11evals_urvlm,pypi,5.1.0,ok,90.4629908,,8.823773127
0021_2E11evals_urvlm,pypi,4.0.0,ok,2007.141384,,0.8485165138
0021_2E11evals_urvlm,pypi,4.0.1,ok,2008.394314,,0.8479871696
0021_2E11evals_urvlm,pypi,5.0.0,ok,1703.09261,,1
0021_2E11evals_urvlm,pypi,5.1.0,ok,117.4643025,,14.49881005
0022_4E11evals_urvlm,pypi,4.0.0,ok,1986.748514,,0.9422105382
0022_4E11evals_urvlm,pypi,4.0.1,ok,1989.038119,,0.9411259484
0022_4E11evals_urvlm,pypi,5.0.0,ok,1871.935386,,1
0022_4E11evals_urvlm,pypi,5.1.0,ok,206.3347299,,9.07232334
0023_6E11evals_urvlm,pypi,4.0.0,skipped,,config_gate,
0023_6E11evals_urvlm,pypi,4.0.1,skipped,,config_gate,
0023_6E11evals_urvlm,pypi,5.0.0,skipped,,config_gate,
0023_6E11evals_urvlm,pypi,5.1.0,ok,336.9289029,,
0024_8E11evals_urvlm,pypi,4.0.0,skipped,,config_gate,
0024_8E11evals_urvlm,pypi,4.0.1,skipped,,config_gate,
0024_8E11evals_urvlm,pypi,5.0.0,skipped,,config_gate,
0024_8E11evals_urvlm,pypi,5.1.0,ok,385.4202253,,
0025_1E12evals_urvlm,pypi,4.0.0,skipped,,config_gate,
0025_1E12evals_urvlm,pypi,4.0.1,skipped,,config_gate,
0025_1E12evals_urvlm,pypi,5.0.0,skipped,,config_gate,
0025_1E12evals_urvlm,pypi,5.1.0,ok,566.3410349,,
0026_2E12evals_urvlm,pypi,4.0.0,skipped,,config_gate,
0026_2E12evals_urvlm,pypi,4.0.1,skipped,,config_gate,
0026_2E12evals_urvlm,pypi,5.0.0,skipped,,config_gate,
0026_2E12evals_urvlm,pypi,5.1.0,ok,855.1427173,,
0027_3E12evals_urvlm,pypi,4.0.0,skipped,,config_gate,
0027_3E12evals_urvlm,pypi,4.0.1,skipped,,config_gate,
0027_3E12evals_urvlm,pypi,5.0.0,skipped,,config_gate,
0027_3E12evals_urvlm,pypi,5.1.0,ok,1204.209408,,
0028_4E12evals_urvlm,pypi,4.0.0,skipped,,config_gate,
0028_4E12evals_urvlm,pypi,4.0.1,skipped,,config_gate,
0028_4E12evals_urvlm,pypi,5.0.0,skipped,,config_gate,
0028_4E12evals_urvlm,pypi,5.1.0,ok,1782.591102,,
